file,model,Cf,n,tau,I2_viol_tie_wait,I2_viol_tie_dispatch,I2_viol_both_rules,tie_cells,not_upper_set_rows
model3d_Cf8_N400_T5_lam15_lam23_h1_cu1_pi16_pi26_e039e6,3d,8.0,1,0.0125,0,0,0,0,0
model3d_Cf8_N400_T5_lam15_lam23_h1_cu1_pi16_pi26_e039e6,3d,8.0,2,0.025,0,0,0,0,0
model3d_Cf8_N400_T5_lam15_lam23_h1_cu1_pi16_pi26_e039e6,3d,8.0,3,0.0375,0,0,0,0,0
model3d_Cf8_N400_T5_lam15_lam23_h1_cu1_pi16_pi26_e039e6,3d,8.0,4,0.05,0,0,0,0,0
model3d_Cf8_N400_T5_lam15_lam23_h1_cu1_pi16_pi26_e039e6,3d,8.0,5,0.0625,0,0,0,0,0
model3d_Cf8_N400_T5_lam15_lam23_h1_cu1_pi16_pi26_e039e6,3d,8.0,6,0.075,0,0,0,0,0
model3d_Cf8_N400_T5_lam15_lam23_h1_cu1_pi16_pi26_e039e6,3d,8.0,7,0.0875,0,0,0,0,0
model3d_Cf8_N400_T5_lam15_lam23_h1_cu1_pi16_pi26_e039e6,3d,8.0,8,0.1,0,0,0,0,0
model3d_Cf8_N400_T5_lam15_lam23_h1_cu1_pi16_pi26_e039e6,3d,8.0,9,0.1125,0,0,0,0,0
model3d_Cf8_N400_T5_lam15_lam23_h1_cu1_pi16_pi26_e039e6,3d,8.0,10,0.125,0,0,0,0,0
model3d_Cf8_N400_T5_lam15_lam23_h1_cu1_pi16_pi26_e039e6,3d,8.0,11,0.1375,0,0,0,0,0
model3d_Cf8_N400_T5_lam15_lam23_h1_cu1_pi16_pi26_e039e6,3d,8.0,12,0.15,0,0,0,0,0
model3d_Cf8_N400_T5_lam15_lam23_h1_cu1_pi16_pi26_e039e6,3d,8.0,13,0.1625,0,0,0,0,0
model3d_Cf8_N400_T5_lam15_lam23_h1_cu1_pi16_pi26_e039e6,3d,8.0,14,0.175,0,0,0,0,0
model3d_Cf8_N400_T5_lam15_lam23_h1_cu1_pi16_pi26_e039e6,3d,8.0,15,0.1875,0,0,0,0,0
model3d_Cf8_N400_T5_lam15_lam23_h1_cu1_pi16_pi26_e039e6,3d,8.0,16,0.2,0,0,0,13,0
model3d_Cf8_N400_T5_lam15_lam23_h1_cu1_pi16_pi26_e039e6,3d,8.0,17,0.2125,0,0,0,0,0
model3d_Cf8_N400_T5_lam15_lam23_h1_cu1_pi16_pi26_e039e6,3d,8.0,18,0.225,0,0,0,0,0
model3d_Cf8_N400_T5_lam15_lam23_h1_cu1_pi16_pi26_e039e6,3d,8.0,19,0.2375,0,0,0,0,0
model3d_Cf8_N400_T5_lam15_lam23_h1_cu1_pi16_pi26_e039e6,3d,8.0,20,0.25,0,0,0,0,0
model3d_Cf8_N400_T5_lam15_lam23_h1_cu1_pi16_pi26_e039e6,3d,8.0,21,0.2625,0,0,0,0,0
model3d_Cf8_N400_T5_lam15_lam23_h1_cu1_pi16_pi26_e039e6,3d,8.0,22,0.275,0,0,0,0,0
model3d_Cf8_N400_T5_lam15_lam23_h1_cu1_pi16_pi26_e039e6,3d,8.0,23,0.2875,0,0,0,0,0
model3d_Cf8_N400_T5_lam15_lam23_h1_cu1_pi16_pi26_e039e6,3d,8.0,24,0.3,0,0,0,0,0
model3d_Cf8_N400_T5_lam15_lam23_h1_cu1_pi16_pi26_e039e6,3d,8.0,25,0.3125,0,0,0,0,0
model3d_Cf8_N400_T5_lam15_lam23_h1_cu1_pi16_pi26_e039e6,3d,8.0,26,0.325,0,0,0,0,0
model3d_Cf8_N400_T5_lam15_lam23_h1_cu1_pi16_pi26_e039e6,3d,8.0,27,0.3375,0,0,0,0,0
model3d_Cf8_N400_T5_lam15_lam23_h1_cu1_pi16_pi26_e039e6,3d,8.0,28,0.35,0,0,0,0,0
model3d_Cf8_N400_T5_lam15_lam23_h1_cu1_pi16_pi26_e039e6,3d,8.0,29,0.3625,0,0,0,0,0
model3d_Cf8_N400_T5_lam15_lam23_h1_cu1_pi16_pi26_e039e6,3d,8.0,30,0.375,0,0,0,0,0
model3d_Cf8_N400_T5_lam15_lam23_h1_cu1_pi16_pi26_e039e6,3d,8.0,31,0.3875,0,0,0,0,0
model3d_Cf8_N400_T5_lam15_lam23_h1_cu1_pi16_pi26_e039e6,3d,8.0,32,0.4,0,0,0,0,0
model3d_Cf8_N400_T5_lam15_lam23_h1_cu1_pi16_pi26_e039e6,3d,8.0,33,0.4125,0,0,0,0,0
model3d_Cf8_N400_T5_lam15_lam23_h1_cu1_pi16_pi26_e039e6,3d,8.0,34,0.425,0,0,0,0,0
model3d_Cf8_N400_T5_lam15_lam23_h1_cu1_pi16_pi26_e039e6,3d,8.0,35,0.4375,0,0,0,0,0
model3d_Cf8_N400_T5_lam15_lam23_h1_cu1_pi16_pi26_e039e6,3d,8.0,36,0.45,0,0,0,0,0
model3d_Cf8_N400_T5_lam15_lam23_h1_cu1_pi16_pi26_e039e6,3d,8.0,37,0.4625,0,0,0,0,0
model3d_Cf8_N400_T5_lam15_lam23_h1_cu1_pi16_pi26_e039e6,3d,8.0,38,0.475,0,0,0,0,0
model3d_Cf8_N400_T5_lam15_lam23_h1_cu1_pi16_pi26_e039e6,3d,8.0,39,0.4875,0,0,0,0,0
model3d_Cf8_N400_T5_lam15_lam23_h1_cu1_pi16_pi26_e039e6,3d,8.0,40,0.5,0,0,0,0,0
model3d_Cf8_N400_T5_lam15_lam23_h1_cu1_pi16_pi26_e039e6,3d,8.0,41,0.5125,0,0,0,0,0
model3d_Cf8_N400_T5_lam15_lam23_h1_cu1_pi16_pi26_e039e6,3d,8.0,42,0.525,0,0,0,0,0
model3d_Cf8_N400_T5_lam15_lam23_h1_cu1_pi16_pi26_e039e6,3d,8.0,43,0.5375,0,0,0,0,0
model3d_Cf8_N400_T5_lam15_lam23_h1_cu1_pi16_pi26_e039e6,3d,8.0,44,0.55,0,0,0,0,0
model3d_Cf8_N400_T5_lam15_lam23_h1_cu1_pi16_pi26_e039e6,3d,8.0,45,0.5625,0,0,0,0,0
model3d_Cf8_N400_T5_lam15_lam23_h1_cu1_pi16_pi26_e039e6,3d,8.0,46,0.575,1,1,1,0,0
model3d_Cf8_N400_T5_lam15_lam23_h1_cu1_pi16_pi26_e039e6,3d,8.0,47,0.5875,0,0,0,0,0
model3d_Cf8_N400_T5_lam15_lam23_h1_cu1_pi16_pi26_e039e6,3d,8.0,48,0.6,0,0,0,0,0
model3d_Cf8_N400_T5_lam15_lam23_h1_cu1_pi16_pi26_e039e6,3d,8.0,49,0.6125,0,0,0,0,0
model3d_Cf8_N400_T5_lam15_lam23_h1_cu1_pi16_pi26_e039e6,3d,8.0,50,0.625,0,0,0,0,0
model3d_Cf8_N400_T5_lam15_lam23_h1_cu1_pi16_pi26_e039e6,3d,8.0,51,0.6375,0,0,0,0,0
model3d_Cf8_N400_T5_lam15_lam23_h1_cu1_pi16_pi26_e039e6,3d,8.0,52,0.65,0,0,0,0,0
model3d_Cf8_N400_T5_lam15_lam23_h1_cu1_pi16_pi26_e039e6,3d,8.0,53,0.6625,0,0,0,0,0
model3d_Cf8_N400_T5_lam15_lam23_h1_cu1_pi16_pi26_e039e6,3d,8.0,54,0.675,0,0,0,0,0
model3d_Cf8_N400_T5_lam15_lam23_h1_cu1_pi16_pi26_e039e6,3d,8.0,55,0.6875,0,0,0,0,0
model3d_Cf8_N400_T5_lam15_lam23_h1_cu1_pi16_pi26_e039e6,3d,8.0,56,0.7,0,0,0,0,0
model3d_Cf8_N400_T5_lam15_lam23_h1_cu1_pi16_pi26_e039e6,3d,8.0,57,0.7125,0,0,0,0,0
model3d_Cf8_N400_T5_lam15_lam23_h1_cu1_pi16_pi26_e039e6,3d,8.0,58,0.725,0,0,0,0,0
model3d_Cf8_N400_T5_lam15_lam23_h1_cu1_pi16_pi26_e039e6,3d,8.0,59,0.7375,0,0,0,0,0
model3d_Cf8_N400_T5_lam15_lam23_h1_cu1_pi16_pi26_e039e6,3d,8.0,60,0.75,0,0,0,0,0
model3d_Cf8_N400_T5_lam15_lam23_h1_cu1_pi16_pi26_e039e6,3d,8.0,61,0.7625,0,0,0,0,0
model3d_Cf8_N400_T5_lam15_lam23_h1_cu1_pi16_pi26_e039e6,3d,8.0,62,0.775,0,0,0,0,0
model3d_Cf8_N400_T5_lam15_lam23_h1_cu1_pi16_pi26_e039e6,3d,8.0,63,0.7875,0,0,0,0,0
model3d_Cf8_N400_T5_lam15_lam23_h1_cu1_pi16_pi26_e039e6,3d,8.0,64,0.8,0,0,0,0,0
model3d_Cf8_N400_T5_lam15_lam23_h1_cu1_pi16_pi26_e039e6,3d,8.0,65,0.8125,0,0,0,0,0
model3d_Cf8_N400_T5_lam15_lam23_h1_cu1_pi16_pi26_e039e6,3d,8.0,66,0.825,0,0,0,0,0
model3d_Cf8_N400_T5_lam15_lam23_h1_cu1_pi16_pi26_e039e6,3d,8.0,67,0.8375,0,0,0,0,0
model3d_Cf8_N400_T5_lam15_lam23_h1_cu1_pi16_pi26_e039e6,3d,8.0,68,0.85,0,0,0,0,0
model3d_Cf8_N400_T5_lam15_lam23_h1_cu1_pi16_pi26_e039e6,3d,8.0,69,0.8625,0,0,0,0,0
model3d_Cf8_N400_T5_lam15_lam23_h1_cu1_pi16_pi26_e039e6,3d,8.0,70,0.875,0,0,0,0,0
model3d_Cf8_N400_T5_lam15_lam23_h1_cu1_pi16_pi26_e039e6,3d,8.0,71,0.8875,1,1,1,0,0
model3d_Cf8_N400_T5_lam15_lam23_h1_cu1_pi16_pi26_e039e6,3d,8.0,72,0.9,1,1,1,0,0
model3d_Cf8_N400_T5_lam15_lam23_h1_cu1_pi16_pi26_e039e6,3d,8.0,73,0.9125,1,1,1,0,0
model3d_Cf8_N400_T5_lam15_lam23_h1_cu1_pi16_pi26_e039e6,3d,8.0,74,0.925,1,1,1,0,0
model3d_Cf8_N400_T5_lam15_lam23_h1_cu1_pi16_pi26_e039e6,3d,8.0,75,0.9375,1,1,1,0,0
model3d_Cf8_N400_T5_lam15_lam23_h1_cu1_pi16_pi26_e039e6,3d,8.0,76,0.95,1,1,1,0,0
model3d_Cf8_N400_T5_lam15_lam23_h1_cu1_pi16_pi26_e039e6,3d,8.0,77,0.9625,1,1,1,0,0
model3d_Cf8_N400_T5_lam15_lam23_h1_cu1_pi16_pi26_e039e6,3d,8.0,78,0.975,1,1,1,0,0
model3d_Cf8_N400_T5_lam15_lam23_h1_cu1_pi16_pi26_e039e6,3d,8.0,79,0.9875,1,1,1,0,0
model3d_Cf8_N400_T5_lam15_lam23_h1_cu1_pi16_pi26_e039e6,3d,8.0,80,1.0,1,1,1,0,0
model3d_Cf8_N400_T5_lam15_lam23_h1_cu1_pi16_pi26_e039e6,3d,8.0,81,1.0125,1,1,1,0,0
model3d_Cf8_N400_T5_lam15_lam23_h1_cu1_pi16_pi26_e039e6,3d,8.0,82,1.025,1,1,1,0,0
model3d_Cf8_N400_T5_lam15_lam23_h1_cu1_pi16_pi26_e039e6,3d,8.0,83,1.0375,1,1,1,0,0
model3d_Cf8_N400_T5_lam15_lam23_h1_cu1_pi16_pi26_e039e6,3d,8.0,84,1.05,1,1,1,0,0
model3d_Cf8_N400_T5_lam15_lam23_h1_cu1_pi16_pi26_e039e6,3d,8.0,85,1.0625,1,1,1,0,0
model3d_Cf8_N400_T5_lam15_lam23_h1_cu1_pi16_pi26_e039e6,3d,8.0,86,1.075,1,1,1,0,0
model3d_Cf8_N400_T5_lam15_lam23_h1_cu1_pi16_pi26_e039e6,3d,8.0,87,1.0875,1,1,1,0,0
model3d_Cf8_N400_T5_lam15_lam23_h1_cu1_pi16_pi26_e039e6,3d,8.0,88,1.1,1,1,1,0,0
model3d_Cf8_N400_T5_lam15_lam23_h1_cu1_pi16_pi26_e039e6,3d,8.0,89,1.1125,1,1,1,0,0
model3d_Cf8_N400_T5_lam15_lam23_h1_cu1_pi16_pi26_e039e6,3d,8.0,90,1.125,1,1,1,0,0
model3d_Cf8_N400_T5_lam15_lam23_h1_cu1_pi16_pi26_e039e6,3d,8.0,91,1.1375,1,1,1,0,0
model3d_Cf8_N400_T5_lam15_lam23_h1_cu1_pi16_pi26_e039e6,3d,8.0,92,1.15,1,1,1,0,0
model3d_Cf8_N400_T5_lam15_lam23_h1_cu1_pi16_pi26_e039e6,3d,8.0,93,1.1625,1,1,1,0,0
model3d_Cf8_N400_T5_lam15_lam23_h1_cu1_pi16_pi26_e039e6,3d,8.0,94,1.175,1,1,1,0,0
model3d_Cf8_N400_T5_lam15_lam23_h1_cu1_pi16_pi26_e039e6,3d,8.0,95,1.1875,1,1,1,0,0
model3d_Cf8_N400_T5_lam15_lam23_h1_cu1_pi16_pi26_e039e6,3d,8.0,96,1.2,1,1,1,0,0
model3d_Cf8_N400_T5_lam15_lam23_h1_cu1_pi16_pi26_e039e6,3d,8.0,97,1.2125,1,1,1,0,0
model3d_Cf8_N400_T5_lam15_lam23_h1_cu1_pi16_pi26_e039e6,3d,8.0,98,1.225,1,1,1,0,0
model3d_Cf8_N400_T5_lam15_lam23_h1_cu1_pi16_pi26_e039e6,3d,8.0,99,1.2375,1,1,1,0,0
model3d_Cf8_N400_T5_lam15_lam23_h1_cu1_pi16_pi26_e039e6,3d,8.0,100,1.25,1,1,1,0,0
model3d_Cf8_N400_T5_lam15_lam23_h1_cu1_pi16_pi26_e039e6,3d,8.0,101,1.2625,1,1,1,0,0
model3d_Cf8_N400_T5_lam15_lam23_h1_cu1_pi16_pi26_e039e6,3d,8.0,102,1.275,1,1,1,0,0
model3d_Cf8_N400_T5_lam15_lam23_h1_cu1_pi16_pi26_e039e6,3d,8.0,103,1.2875,1,1,1,0,0
model3d_Cf8_N400_T5_lam15_lam23_h1_cu1_pi16_pi26_e039e6,3d,8.0,104,1.3,1,1,1,0,0
model3d_Cf8_N400_T5_lam15_lam23_h1_cu1_pi16_pi26_e039e6,3d,8.0,105,1.3125,1,1,1,0,0
model3d_Cf8_N400_T5_lam15_lam23_h1_cu1_pi16_pi26_e039e6,3d,8.0,106,1.325,1,1,1,0,0
model3d_Cf8_N400_T5_lam15_lam23_h1_cu1_pi16_pi26_e039e6,3d,8.0,107,1.3375,1,1,1,0,0
model3d_Cf8_N400_T5_lam15_lam23_h1_cu1_pi16_pi26_e039e6,3d,8.0,108,1.35,1,1,1,0,0
model3d_Cf8_N400_T5_lam15_lam23_h1_cu1_pi16_pi26_e039e6,3d,8.0,109,1.3625,1,1,1,0,0
model3d_Cf8_N400_T5_lam15_lam23_h1_cu1_pi16_pi26_e039e6,3d,8.0,110,1.375,1,1,1,0,0
model3d_Cf8_N400_T5_lam15_lam23_h1_cu1_pi16_pi26_e039e6,3d,8.0,111,1.3875,1,1,1,0,0
model3d_Cf8_N400_T5_lam15_lam23_h1_cu1_pi16_pi26_e039e6,3d,8.0,112,1.4,1,1,1,0,0
model3d_Cf8_N400_T5_lam15_lam23_h1_cu1_pi16_pi26_e039e6,3d,8.0,113,1.4125,1,1,1,0,0
model3d_Cf8_N400_T5_lam15_lam23_h1_cu1_pi16_pi26_e039e6,3d,8.0,114,1.425,1,1,1,0,0
model3d_Cf8_N400_T5_lam15_lam23_h1_cu1_pi16_pi26_e039e6,3d,8.0,115,1.4375,1,1,1,0,0
model3d_Cf8_N400_T5_lam15_lam23_h1_cu1_pi16_pi26_e039e6,3d,8.0,116,1.45,1,1,1,0,0
model3d_Cf8_N400_T5_lam15_lam23_h1_cu1_pi16_pi26_e039e6,3d,8.0,117,1.4625,1,1,1,0,0
model3d_Cf8_N400_T5_lam15_lam23_h1_cu1_pi16_pi26_e039e6,3d,8.0,118,1.475,1,1,1,0,0
model3d_Cf8_N400_T5_lam15_lam23_h1_cu1_pi16_pi26_e039e6,3d,8.0,119,1.4875,1,1,1,0,0
model3d_Cf8_N400_T5_lam15_lam23_h1_cu1_pi16_pi26_e039e6,3d,8.0,120,1.5,1,1,1,0,0
model3d_Cf8_N400_T5_lam15_lam23_h1_cu1_pi16_pi26_e039e6,3d,8.0,121,1.5125,1,1,1,0,0
model3d_Cf8_N400_T5_lam15_lam23_h1_cu1_pi16_pi26_e039e6,3d,8.0,122,1.525,1,1,1,0,0
model3d_Cf8_N400_T5_lam15_lam23_h1_cu1_pi16_pi26_e039e6,3d,8.0,123,1.5375,1,1,1,0,0
model3d_Cf8_N400_T5_lam15_lam23_h1_cu1_pi16_pi26_e039e6,3d,8.0,124,1.55,1,1,1,0,0
model3d_Cf8_N400_T5_lam15_lam23_h1_cu1_pi16_pi26_e039e6,3d,8.0,125,1.5625,1,1,1,0,0
model3d_Cf8_N400_T5_lam15_lam23_h1_cu1_pi16_pi26_e039e6,3d,8.0,126,1.575,1,1,1,0,0
model3d_Cf8_N400_T5_lam15_lam23_h1_cu1_pi16_pi26_e039e6,3d,8.0,127,1.5875,1,1,1,0,0
model3d_Cf8_N400_T5_lam15_lam23_h1_cu1_pi16_pi26_e039e6,3d,8.0,128,1.6,1,1,1,0,0
model3d_Cf8_N400_T5_lam15_lam23_h1_cu1_pi16_pi26_e039e6,3d,8.0,129,1.6125,1,1,1,0,0
model3d_Cf8_N400_T5_lam15_lam23_h1_cu1_pi16_pi26_e039e6,3d,8.0,130,1.625,1,1,1,0,0
model3d_Cf8_N400_T5_lam15_lam23_h1_cu1_pi16_pi26_e039e6,3d,8.0,131,1.6375,1,1,1,0,0
model3d_Cf8_N400_T5_lam15_lam23_h1_cu1_pi16_pi26_e039e6,3d,8.0,132,1.65,1,1,1,0,0
model3d_Cf8_N400_T5_lam15_lam23_h1_cu1_pi16_pi26_e039e6,3d,8.0,133,1.6625,1,1,1,0,0
model3d_Cf8_N400_T5_lam15_lam23_h1_cu1_pi16_pi26_e039e6,3d,8.0,134,1.675,1,1,1,0,0
model3d_Cf8_N400_T5_lam15_lam23_h1_cu1_pi16_pi26_e039e6,3d,8.0,135,1.6875,1,1,1,0,0
model3d_Cf8_N400_T5_lam15_lam23_h1_cu1_pi16_pi26_e039e6,3d,8.0,136,1.7,1,1,1,0,0
model3d_Cf8_N400_T5_lam15_lam23_h1_cu1_pi16_pi26_e039e6,3d,8.0,137,1.7125,1,1,1,0,0
model3d_Cf8_N400_T5_lam15_lam23_h1_cu1_pi16_pi26_e039e6,3d,8.0,138,1.725,1,1,1,0,0
model3d_Cf8_N400_T5_lam15_lam23_h1_cu1_pi16_pi26_e039e6,3d,8.0,139,1.7375,1,1,1,0,0
model3d_Cf8_N400_T5_lam15_lam23_h1_cu1_pi16_pi26_e039e6,3d,8.0,140,1.75,1,1,1,0,0
model3d_Cf8_N400_T5_lam15_lam23_h1_cu1_pi16_pi26_e039e6,3d,8.0,141,1.7625,1,1,1,0,0
model3d_Cf8_N400_T5_lam15_lam23_h1_cu1_pi16_pi26_e039e6,3d,8.0,142,1.775,1,1,1,0,0
model3d_Cf8_N400_T5_lam15_lam23_h1_cu1_pi16_pi26_e039e6,3d,8.0,143,1.7875,1,1,1,0,0
model3d_Cf8_N400_T5_lam15_lam23_h1_cu1_pi16_pi26_e039e6,3d,8.0,144,1.8,1,1,1,0,0
model3d_Cf8_N400_T5_lam15_lam23_h1_cu1_pi16_pi26_e039e6,3d,8.0,145,1.8125,1,1,1,0,0
model3d_Cf8_N400_T5_lam15_lam23_h1_cu1_pi16_pi26_e039e6,3d,8.0,146,1.825,1,1,1,0,0
model3d_Cf8_N400_T5_lam15_lam23_h1_cu1_pi16_pi26_e039e6,3d,8.0,147,1.8375,1,1,1,0,0
model3d_Cf8_N400_T5_lam15_lam23_h1_cu1_pi16_pi26_e039e6,3d,8.0,148,1.85,1,1,1,0,0
model3d_Cf8_N400_T5_lam15_lam23_h1_cu1_pi16_pi26_e039e6,3d,8.0,149,1.8625,1,1,1,0,0
model3d_Cf8_N400_T5_lam15_lam23_h1_cu1_pi16_pi26_e039e6,3d,8.0,150,1.875,1,1,1,0,0
model3d_Cf8_N400_T5_lam15_lam23_h1_cu1_pi16_pi26_e039e6,3d,8.0,151,1.8875,1,1,1,0,0
model3d_Cf8_N400_T5_lam15_lam23_h1_cu1_pi16_pi26_e039e6,3d,8.0,152,1.9,1,1,1,0,0
model3d_Cf8_N400_T5_lam15_lam23_h1_cu1_pi16_pi26_e039e6,3d,8.0,153,1.9125,1,1,1,0,0
model3d_Cf8_N400_T5_lam15_lam23_h1_cu1_pi16_pi26_e039e6,3d,8.0,154,1.925,1,1,1,0,0
model3d_Cf8_N400_T5_lam15_lam23_h1_cu1_pi16_pi26_e039e6,3d,8.0,155,1.9375,1,1,1,0,0
model3d_Cf8_N400_T5_lam15_lam23_h1_cu1_pi16_pi26_e039e6,3d,8.0,156,1.95,1,1,1,0,0
model3d_Cf8_N400_T5_lam15_lam23_h1_cu1_pi16_pi26_e039e6,3d,8.0,157,1.9625,1,1,1,0,0
model3d_Cf8_N400_T5_lam15_lam23_h1_cu1_pi16_pi26_e039e6,3d,8.0,158,1.975,1,1,1,0,0
model3d_Cf8_N400_T5_lam15_lam23_h1_cu1_pi16_pi26_e039e6,3d,8.0,159,1.9875,1,1,1,0,0
model3d_Cf8_N400_T5_lam15_lam23_h1_cu1_pi16_pi26_e039e6,3d,8.0,160,2.0,1,1,1,0,0
model3d_Cf8_N400_T5_lam15_lam23_h1_cu1_pi16_pi26_e039e6,3d,8.0,161,2.0125,1,1,1,0,0
model3d_Cf8_N400_T5_lam15_lam23_h1_cu1_pi16_pi26_e039e6,3d,8.0,162,2.025,1,1,1,0,0
model3d_Cf8_N400_T5_lam15_lam23_h1_cu1_pi16_pi26_e039e6,3d,8.0,163,2.0375,1,1,1,0,0
model3d_Cf8_N400_T5_lam15_lam23_h1_cu1_pi16_pi26_e039e6,3d,8.0,164,2.05,1,1,1,0,0
model3d_Cf8_N400_T5_lam15_lam23_h1_cu1_pi16_pi26_e039e6,3d,8.0,165,2.0625,1,1,1,0,0
model3d_Cf8_N400_T5_lam15_lam23_h1_cu1_pi16_pi26_e039e6,3d,8.0,166,2.075,1,1,1,0,0
model3d_Cf8_N400_T5_lam15_lam23_h1_cu1_pi16_pi26_e039e6,3d,8.0,167,2.0875,1,1,1,0,0
model3d_Cf8_N400_T5_lam15_lam23_h1_cu1_pi16_pi26_e039e6,3d,8.0,168,2.1,1,1,1,0,0
model3d_Cf8_N400_T5_lam15_lam23_h1_cu1_pi16_pi26_e039e6,3d,8.0,169,2.1125,1,1,1,0,0
model3d_Cf8_N400_T5_lam15_lam23_h1_cu1_pi16_pi26_e039e6,3d,8.0,170,2.125,1,1,1,0,0
model3d_Cf8_N400_T5_lam15_lam23_h1_cu1_pi16_pi26_e039e6,3d,8.0,171,2.1375,1,1,1,0,0
model3d_Cf8_N400_T5_lam15_lam23_h1_cu1_pi16_pi26_e039e6,3d,8.0,172,2.15,1,1,1,0,0
model3d_Cf8_N400_T5_lam15_lam23_h1_cu1_pi16_pi26_e039e6,3d,8.0,173,2.1625,1,1,1,0,0
model3d_Cf8_N400_T5_lam15_lam23_h1_cu1_pi16_pi26_e039e6,3d,8.0,174,2.175,1,1,1,0,0
model3d_Cf8_N400_T5_lam15_lam23_h1_cu1_pi16_pi26_e039e6,3d,8.0,175,2.1875,1,1,1,0,0
model3d_Cf8_N400_T5_lam15_lam23_h1_cu1_pi16_pi26_e039e6,3d,8.0,176,2.2,1,1,1,0,0
model3d_Cf8_N400_T5_lam15_lam23_h1_cu1_pi16_pi26_e039e6,3d,8.0,177,2.2125,1,1,1,0,0
model3d_Cf8_N400_T5_lam15_lam23_h1_cu1_pi16_pi26_e039e6,3d,8.0,178,2.225,1,1,1,0,0
model3d_Cf8_N400_T5_lam15_lam23_h1_cu1_pi16_pi26_e039e6,3d,8.0,179,2.2375,1,1,1,0,0
model3d_Cf8_N400_T5_lam15_lam23_h1_cu1_pi16_pi26_e039e6,3d,8.0,180,2.25,1,1,1,0,0
model3d_Cf8_N400_T5_lam15_lam23_h1_cu1_pi16_pi26_e039e6,3d,8.0,181,2.2625,1,1,1,0,0
model3d_Cf8_N400_T5_lam15_lam23_h1_cu1_pi16_pi26_e039e6,3d,8.0,182,2.275,1,1,1,0,0
model3d_Cf8_N400_T5_lam15_lam23_h1_cu1_pi16_pi26_e039e6,3d,8.0,183,2.2875,1,1,1,0,0
model3d_Cf8_N400_T5_lam15_lam23_h1_cu1_pi16_pi26_e039e6,3d,8.0,184,2.3,1,1,1,0,0
model3d_Cf8_N400_T5_lam15_lam23_h1_cu1_pi16_pi26_e039e6,3d,8.0,185,2.3125,1,1,1,0,0
model3d_Cf8_N400_T5_lam15_lam23_h1_cu1_pi16_pi26_e039e6,3d,8.0,186,2.325,1,1,1,0,0
model3d_Cf8_N400_T5_lam15_lam23_h1_cu1_pi16_pi26_e039e6,3d,8.0,187,2.3375,1,1,1,0,0
model3d_Cf8_N400_T5_lam15_lam23_h1_cu1_pi16_pi26_e039e6,3d,8.0,188,2.35,1,1,1,0,0
model3d_Cf8_N400_T5_lam15_lam23_h1_cu1_pi16_pi26_e039e6,3d,8.0,189,2.3625,1,1,1,0,0
model3d_Cf8_N400_T5_lam15_lam23_h1_cu1_pi16_pi26_e039e6,3d,8.0,190,2.375,1,1,1,0,0
model3d_Cf8_N400_T5_lam15_lam23_h1_cu1_pi16_pi26_e039e6,3d,8.0,191,2.3875,1,1,1,0,0
model3d_Cf8_N400_T5_lam15_lam23_h1_cu1_pi16_pi26_e039e6,3d,8.0,192,2.4,1,1,1,0,0
model3d_Cf8_N400_T5_lam15_lam23_h1_cu1_pi16_pi26_e039e6,3d,8.0,193,2.4125,1,1,1,0,0
model3d_Cf8_N400_T5_lam15_lam23_h1_cu1_pi16_pi26_e039e6,3d,8.0,194,2.425,1,1,1,0,0
model3d_Cf8_N400_T5_lam15_lam23_h1_cu1_pi16_pi26_e039e6,3d,8.0,195,2.4375,1,1,1,0,0
model3d_Cf8_N400_T5_lam15_lam23_h1_cu1_pi16_pi26_e039e6,3d,8.0,196,2.45,1,1,1,0,0
model3d_Cf8_N400_T5_lam15_lam23_h1_cu1_pi16_pi26_e039e6,3d,8.0,197,2.4625,1,1,1,0,0
model3d_Cf8_N400_T5_lam15_lam23_h1_cu1_pi16_pi26_e039e6,3d,8.0,198,2.475,1,1,1,0,0
model3d_Cf8_N400_T5_lam15_lam23_h1_cu1_pi16_pi26_e039e6,3d,8.0,199,2.4875,1,1,1,0,0
model3d_Cf8_N400_T5_lam15_lam23_h1_cu1_pi16_pi26_e039e6,3d,8.0,200,2.5,1,1,1,0,0
model3d_Cf8_N400_T5_lam15_lam23_h1_cu1_pi16_pi26_e039e6,3d,8.0,201,2.5125,1,1,1,0,0
model3d_Cf8_N400_T5_lam15_lam23_h1_cu1_pi16_pi26_e039e6,3d,8.0,202,2.525,1,1,1,0,0
model3d_Cf8_N400_T5_lam15_lam23_h1_cu1_pi16_pi26_e039e6,3d,8.0,203,2.5375,1,1,1,0,0
model3d_Cf8_N400_T5_lam15_lam23_h1_cu1_pi16_pi26_e039e6,3d,8.0,204,2.55,1,1,1,0,0
model3d_Cf8_N400_T5_lam15_lam23_h1_cu1_pi16_pi26_e039e6,3d,8.0,205,2.5625,1,1,1,0,0
model3d_Cf8_N400_T5_lam15_lam23_h1_cu1_pi16_pi26_e039e6,3d,8.0,206,2.575,1,1,1,0,0
model3d_Cf8_N400_T5_lam15_lam23_h1_cu1_pi16_pi26_e039e6,3d,8.0,207,2.5875,1,1,1,0,0
model3d_Cf8_N400_T5_lam15_lam23_h1_cu1_pi16_pi26_e039e6,3d,8.0,208,2.6,1,1,1,0,0
model3d_Cf8_N400_T5_lam15_lam23_h1_cu1_pi16_pi26_e039e6,3d,8.0,209,2.6125,1,1,1,0,0
model3d_Cf8_N400_T5_lam15_lam23_h1_cu1_pi16_pi26_e039e6,3d,8.0,210,2.625,1,1,1,0,0
model3d_Cf8_N400_T5_lam15_lam23_h1_cu1_pi16_pi26_e039e6,3d,8.0,211,2.6375,1,1,1,0,0
model3d_Cf8_N400_T5_lam15_lam23_h1_cu1_pi16_pi26_e039e6,3d,8.0,212,2.65,1,1,1,0,0
model3d_Cf8_N400_T5_lam15_lam23_h1_cu1_pi16_pi26_e039e6,3d,8.0,213,2.6625,1,1,1,0,0
model3d_Cf8_N400_T5_lam15_lam23_h1_cu1_pi16_pi26_e039e6,3d,8.0,214,2.675,1,1,1,0,0
model3d_Cf8_N400_T5_lam15_lam23_h1_cu1_pi16_pi26_e039e6,3d,8.0,215,2.6875,1,1,1,0,0
model3d_Cf8_N400_T5_lam15_lam23_h1_cu1_pi16_pi26_e039e6,3d,8.0,216,2.7,1,1,1,0,0
model3d_Cf8_N400_T5_lam15_lam23_h1_cu1_pi16_pi26_e039e6,3d,8.0,217,2.7125,1,1,1,0,0
model3d_Cf8_N400_T5_lam15_lam23_h1_cu1_pi16_pi26_e039e6,3d,8.0,218,2.725,1,1,1,0,0
model3d_Cf8_N400_T5_lam15_lam23_h1_cu1_pi16_pi26_e039e6,3d,8.0,219,2.7375,1,1,1,0,0
model3d_Cf8_N400_T5_lam15_lam23_h1_cu1_pi16_pi26_e039e6,3d,8.0,220,2.75,1,1,1,0,0
model3d_Cf8_N400_T5_lam15_lam23_h1_cu1_pi16_pi26_e039e6,3d,8.0,221,2.7625,1,1,1,0,0
model3d_Cf8_N400_T5_lam15_lam23_h1_cu1_pi16_pi26_e039e6,3d,8.0,222,2.775,1,1,1,0,0
model3d_Cf8_N400_T5_lam15_lam23_h1_cu1_pi16_pi26_e039e6,3d,8.0,223,2.7875,1,1,1,0,0
model3d_Cf8_N400_T5_lam15_lam23_h1_cu1_pi16_pi26_e039e6,3d,8.0,224,2.8,1,1,1,0,0
model3d_Cf8_N400_T5_lam15_lam23_h1_cu1_pi16_pi26_e039e6,3d,8.0,225,2.8125,1,1,1,0,0
model3d_Cf8_N400_T5_lam15_lam23_h1_cu1_pi16_pi26_e039e6,3d,8.0,226,2.825,1,1,1,0,0
model3d_Cf8_N400_T5_lam15_lam23_h1_cu1_pi16_pi26_e039e6,3d,8.0,227,2.8375,1,1,1,0,0
model3d_Cf8_N400_T5_lam15_lam23_h1_cu1_pi16_pi26_e039e6,3d,8.0,228,2.85,1,1,1,0,0
model3d_Cf8_N400_T5_lam15_lam23_h1_cu1_pi16_pi26_e039e6,3d,8.0,229,2.8625,1,1,1,0,0
model3d_Cf8_N400_T5_lam15_lam23_h1_cu1_pi16_pi26_e039e6,3d,8.0,230,2.875,1,1,1,0,0
model3d_Cf8_N400_T5_lam15_lam23_h1_cu1_pi16_pi26_e039e6,3d,8.0,231,2.8875,1,1,1,0,0
model3d_Cf8_N400_T5_lam15_lam23_h1_cu1_pi16_pi26_e039e6,3d,8.0,232,2.9,1,1,1,0,0
model3d_Cf8_N400_T5_lam15_lam23_h1_cu1_pi16_pi26_e039e6,3d,8.0,233,2.9125,1,1,1,0,0
model3d_Cf8_N400_T5_lam15_lam23_h1_cu1_pi16_pi26_e039e6,3d,8.0,234,2.925,1,1,1,0,0
model3d_Cf8_N400_T5_lam15_lam23_h1_cu1_pi16_pi26_e039e6,3d,8.0,235,2.9375,1,1,1,0,0
model3d_Cf8_N400_T5_lam15_lam23_h1_cu1_pi16_pi26_e039e6,3d,8.0,236,2.95,1,1,1,0,0
model3d_Cf8_N400_T5_lam15_lam23_h1_cu1_pi16_pi26_e039e6,3d,8.0,237,2.9625,1,1,1,0,0
model3d_Cf8_N400_T5_lam15_lam23_h1_cu1_pi16_pi26_e039e6,3d,8.0,238,2.975,1,1,1,0,0
model3d_Cf8_N400_T5_lam15_lam23_h1_cu1_pi16_pi26_e039e6,3d,8.0,239,2.9875,1,1,1,0,0
model3d_Cf8_N400_T5_lam15_lam23_h1_cu1_pi16_pi26_e039e6,3d,8.0,240,3.0,1,1,1,0,0
model3d_Cf8_N400_T5_lam15_lam23_h1_cu1_pi16_pi26_e039e6,3d,8.0,241,3.0125,1,1,1,0,0
model3d_Cf8_N400_T5_lam15_lam23_h1_cu1_pi16_pi26_e039e6,3d,8.0,242,3.025,1,1,1,0,0
model3d_Cf8_N400_T5_lam15_lam23_h1_cu1_pi16_pi26_e039e6,3d,8.0,243,3.0375,1,1,1,0,0
model3d_Cf8_N400_T5_lam15_lam23_h1_cu1_pi16_pi26_e039e6,3d,8.0,244,3.05,1,1,1,0,0
model3d_Cf8_N400_T5_lam15_lam23_h1_cu1_pi16_pi26_e039e6,3d,8.0,245,3.0625,1,1,1,0,0
model3d_Cf8_N400_T5_lam15_lam23_h1_cu1_pi16_pi26_e039e6,3d,8.0,246,3.075,1,1,1,0,0
model3d_Cf8_N400_T5_lam15_lam23_h1_cu1_pi16_pi26_e039e6,3d,8.0,247,3.0875,1,1,1,0,0
model3d_Cf8_N400_T5_lam15_lam23_h1_cu1_pi16_pi26_e039e6,3d,8.0,248,3.1,1,1,1,0,0
model3d_Cf8_N400_T5_lam15_lam23_h1_cu1_pi16_pi26_e039e6,3d,8.0,249,3.1125,1,1,1,0,0
model3d_Cf8_N400_T5_lam15_lam23_h1_cu1_pi16_pi26_e039e6,3d,8.0,250,3.125,1,1,1,0,0
model3d_Cf8_N400_T5_lam15_lam23_h1_cu1_pi16_pi26_e039e6,3d,8.0,251,3.1375,1,1,1,0,0
model3d_Cf8_N400_T5_lam15_lam23_h1_cu1_pi16_pi26_e039e6,3d,8.0,252,3.15,1,1,1,0,0
model3d_Cf8_N400_T5_lam15_lam23_h1_cu1_pi16_pi26_e039e6,3d,8.0,253,3.1625,1,1,1,0,0
model3d_Cf8_N400_T5_lam15_lam23_h1_cu1_pi16_pi26_e039e6,3d,8.0,254,3.175,1,1,1,0,0
model3d_Cf8_N400_T5_lam15_lam23_h1_cu1_pi16_pi26_e039e6,3d,8.0,255,3.1875,1,1,1,0,0
model3d_Cf8_N400_T5_lam15_lam23_h1_cu1_pi16_pi26_e039e6,3d,8.0,256,3.2,1,1,1,0,0
model3d_Cf8_N400_T5_lam15_lam23_h1_cu1_pi16_pi26_e039e6,3d,8.0,257,3.2125,1,1,1,0,0
model3d_Cf8_N400_T5_lam15_lam23_h1_cu1_pi16_pi26_e039e6,3d,8.0,258,3.225,1,1,1,0,0
model3d_Cf8_N400_T5_lam15_lam23_h1_cu1_pi16_pi26_e039e6,3d,8.0,259,3.2375,1,1,1,0,0
model3d_Cf8_N400_T5_lam15_lam23_h1_cu1_pi16_pi26_e039e6,3d,8.0,260,3.25,1,1,1,0,0
model3d_Cf8_N400_T5_lam15_lam23_h1_cu1_pi16_pi26_e039e6,3d,8.0,261,3.2625,1,1,1,0,0
model3d_Cf8_N400_T5_lam15_lam23_h1_cu1_pi16_pi26_e039e6,3d,8.0,262,3.275,1,1,1,0,0
model3d_Cf8_N400_T5_lam15_lam23_h1_cu1_pi16_pi26_e039e6,3d,8.0,263,3.2875,1,1,1,0,0
model3d_Cf8_N400_T5_lam15_lam23_h1_cu1_pi16_pi26_e039e6,3d,8.0,264,3.3,1,1,1,0,0
model3d_Cf8_N400_T5_lam15_lam23_h1_cu1_pi16_pi26_e039e6,3d,8.0,265,3.3125,1,1,1,0,0
model3d_Cf8_N400_T5_lam15_lam23_h1_cu1_pi16_pi26_e039e6,3d,8.0,266,3.325,1,1,1,0,0
model3d_Cf8_N400_T5_lam15_lam23_h1_cu1_pi16_pi26_e039e6,3d,8.0,267,3.3375,1,1,1,0,0
model3d_Cf8_N400_T5_lam15_lam23_h1_cu1_pi16_pi26_e039e6,3d,8.0,268,3.35,1,1,1,0,0
model3d_Cf8_N400_T5_lam15_lam23_h1_cu1_pi16_pi26_e039e6,3d,8.0,269,3.3625,1,1,1,0,0
model3d_Cf8_N400_T5_lam15_lam23_h1_cu1_pi16_pi26_e039e6,3d,8.0,270,3.375,1,1,1,0,0
model3d_Cf8_N400_T5_lam15_lam23_h1_cu1_pi16_pi26_e039e6,3d,8.0,271,3.3875,1,1,1,0,0
model3d_Cf8_N400_T5_lam15_lam23_h1_cu1_pi16_pi26_e039e6,3d,8.0,272,3.4,1,1,1,0,0
model3d_Cf8_N400_T5_lam15_lam23_h1_cu1_pi16_pi26_e039e6,3d,8.0,273,3.4125,1,1,1,0,0
model3d_Cf8_N400_T5_lam15_lam23_h1_cu1_pi16_pi26_e039e6,3d,8.0,274,3.425,1,1,1,0,0
model3d_Cf8_N400_T5_lam15_lam23_h1_cu1_pi16_pi26_e039e6,3d,8.0,275,3.4375,1,1,1,0,0
model3d_Cf8_N400_T5_lam15_lam23_h1_cu1_pi16_pi26_e039e6,3d,8.0,276,3.45,1,1,1,0,0
model3d_Cf8_N400_T5_lam15_lam23_h1_cu1_pi16_pi26_e039e6,3d,8.0,277,3.4625,1,1,1,0,0
model3d_Cf8_N400_T5_lam15_lam23_h1_cu1_pi16_pi26_e039e6,3d,8.0,278,3.475,1,1,1,0,0
model3d_Cf8_N400_T5_lam15_lam23_h1_cu1_pi16_pi26_e039e6,3d,8.0,279,3.4875,1,1,1,0,0
model3d_Cf8_N400_T5_lam15_lam23_h1_cu1_pi16_pi26_e039e6,3d,8.0,280,3.5,1,1,1,0,0
model3d_Cf8_N400_T5_lam15_lam23_h1_cu1_pi16_pi26_e039e6,3d,8.0,281,3.5125,1,1,1,0,0
model3d_Cf8_N400_T5_lam15_lam23_h1_cu1_pi16_pi26_e039e6,3d,8.0,282,3.525,1,1,1,0,0
model3d_Cf8_N400_T5_lam15_lam23_h1_cu1_pi16_pi26_e039e6,3d,8.0,283,3.5375,1,1,1,0,0
model3d_Cf8_N400_T5_lam15_lam23_h1_cu1_pi16_pi26_e039e6,3d,8.0,284,3.55,1,1,1,0,0
model3d_Cf8_N400_T5_lam15_lam23_h1_cu1_pi16_pi26_e039e6,3d,8.0,285,3.5625,1,1,1,0,0
model3d_Cf8_N400_T5_lam15_lam23_h1_cu1_pi16_pi26_e039e6,3d,8.0,286,3.575,1,1,1,0,0
model3d_Cf8_N400_T5_lam15_lam23_h1_cu1_pi16_pi26_e039e6,3d,8.0,287,3.5875,1,1,1,0,0
model3d_Cf8_N400_T5_lam15_lam23_h1_cu1_pi16_pi26_e039e6,3d,8.0,288,3.6,1,1,1,0,0
model3d_Cf8_N400_T5_lam15_lam23_h1_cu1_pi16_pi26_e039e6,3d,8.0,289,3.6125,1,1,1,0,0
model3d_Cf8_N400_T5_lam15_lam23_h1_cu1_pi16_pi26_e039e6,3d,8.0,290,3.625,1,1,1,0,0
model3d_Cf8_N400_T5_lam15_lam23_h1_cu1_pi16_pi26_e039e6,3d,8.0,291,3.6375,1,1,1,0,0
model3d_Cf8_N400_T5_lam15_lam23_h1_cu1_pi16_pi26_e039e6,3d,8.0,292,3.65,1,1,1,0,0
model3d_Cf8_N400_T5_lam15_lam23_h1_cu1_pi16_pi26_e039e6,3d,8.0,293,3.6625,1,1,1,0,0
model3d_Cf8_N400_T5_lam15_lam23_h1_cu1_pi16_pi26_e039e6,3d,8.0,294,3.675,1,1,1,0,0
model3d_Cf8_N400_T5_lam15_lam23_h1_cu1_pi16_pi26_e039e6,3d,8.0,295,3.6875,1,1,1,0,0
model3d_Cf8_N400_T5_lam15_lam23_h1_cu1_pi16_pi26_e039e6,3d,8.0,296,3.7,1,1,1,0,0
model3d_Cf8_N400_T5_lam15_lam23_h1_cu1_pi16_pi26_e039e6,3d,8.0,297,3.7125,1,1,1,0,0
model3d_Cf8_N400_T5_lam15_lam23_h1_cu1_pi16_pi26_e039e6,3d,8.0,298,3.725,1,1,1,0,0
model3d_Cf8_N400_T5_lam15_lam23_h1_cu1_pi16_pi26_e039e6,3d,8.0,299,3.7375,1,1,1,0,0
model3d_Cf8_N400_T5_lam15_lam23_h1_cu1_pi16_pi26_e039e6,3d,8.0,300,3.75,1,1,1,0,0
model3d_Cf8_N400_T5_lam15_lam23_h1_cu1_pi16_pi26_e039e6,3d,8.0,301,3.7625,1,1,1,0,0
model3d_Cf8_N400_T5_lam15_lam23_h1_cu1_pi16_pi26_e039e6,3d,8.0,302,3.775,1,1,1,0,0
model3d_Cf8_N400_T5_lam15_lam23_h1_cu1_pi16_pi26_e039e6,3d,8.0,303,3.7875,1,1,1,0,0
model3d_Cf8_N400_T5_lam15_lam23_h1_cu1_pi16_pi26_e039e6,3d,8.0,304,3.8,1,1,1,0,0
model3d_Cf8_N400_T5_lam15_lam23_h1_cu1_pi16_pi26_e039e6,3d,8.0,305,3.8125,1,1,1,0,0
model3d_Cf8_N400_T5_lam15_lam23_h1_cu1_pi16_pi26_e039e6,3d,8.0,306,3.825,1,1,1,0,0
model3d_Cf8_N400_T5_lam15_lam23_h1_cu1_pi16_pi26_e039e6,3d,8.0,307,3.8375,1,1,1,0,0
model3d_Cf8_N400_T5_lam15_lam23_h1_cu1_pi16_pi26_e039e6,3d,8.0,308,3.85,1,1,1,0,0
model3d_Cf8_N400_T5_lam15_lam23_h1_cu1_pi16_pi26_e039e6,3d,8.0,309,3.8625,1,1,1,0,0
model3d_Cf8_N400_T5_lam15_lam23_h1_cu1_pi16_pi26_e039e6,3d,8.0,310,3.875,1,1,1,0,0
model3d_Cf8_N400_T5_lam15_lam23_h1_cu1_pi16_pi26_e039e6,3d,8.0,311,3.8875,1,1,1,0,0
model3d_Cf8_N400_T5_lam15_lam23_h1_cu1_pi16_pi26_e039e6,3d,8.0,312,3.9,1,1,1,0,0
model3d_Cf8_N400_T5_lam15_lam23_h1_cu1_pi16_pi26_e039e6,3d,8.0,313,3.9125,1,1,1,0,0
model3d_Cf8_N400_T5_lam15_lam23_h1_cu1_pi16_pi26_e039e6,3d,8.0,314,3.925,1,1,1,0,0
model3d_Cf8_N400_T5_lam15_lam23_h1_cu1_pi16_pi26_e039e6,3d,8.0,315,3.9375,1,1,1,0,0
model3d_Cf8_N400_T5_lam15_lam23_h1_cu1_pi16_pi26_e039e6,3d,8.0,316,3.95,1,1,1,0,0
model3d_Cf8_N400_T5_lam15_lam23_h1_cu1_pi16_pi26_e039e6,3d,8.0,317,3.9625,1,1,1,0,0
model3d_Cf8_N400_T5_lam15_lam23_h1_cu1_pi16_pi26_e039e6,3d,8.0,318,3.975,1,1,1,0,0
model3d_Cf8_N400_T5_lam15_lam23_h1_cu1_pi16_pi26_e039e6,3d,8.0,319,3.9875,1,1,1,0,0
model3d_Cf8_N400_T5_lam15_lam23_h1_cu1_pi16_pi26_e039e6,3d,8.0,320,4.0,1,1,1,0,0
model3d_Cf8_N400_T5_lam15_lam23_h1_cu1_pi16_pi26_e039e6,3d,8.0,321,4.0125,1,1,1,0,0
model3d_Cf8_N400_T5_lam15_lam23_h1_cu1_pi16_pi26_e039e6,3d,8.0,322,4.025,1,1,1,0,0
model3d_Cf8_N400_T5_lam15_lam23_h1_cu1_pi16_pi26_e039e6,3d,8.0,323,4.0375,1,1,1,0,0
model3d_Cf8_N400_T5_lam15_lam23_h1_cu1_pi16_pi26_e039e6,3d,8.0,324,4.05,1,1,1,0,0
model3d_Cf8_N400_T5_lam15_lam23_h1_cu1_pi16_pi26_e039e6,3d,8.0,325,4.0625,1,1,1,0,0
model3d_Cf8_N400_T5_lam15_lam23_h1_cu1_pi16_pi26_e039e6,3d,8.0,326,4.075,1,1,1,0,0
model3d_Cf8_N400_T5_lam15_lam23_h1_cu1_pi16_pi26_e039e6,3d,8.0,327,4.0875,1,1,1,0,0
model3d_Cf8_N400_T5_lam15_lam23_h1_cu1_pi16_pi26_e039e6,3d,8.0,328,4.1,1,1,1,0,0
model3d_Cf8_N400_T5_lam15_lam23_h1_cu1_pi16_pi26_e039e6,3d,8.0,329,4.1125,1,1,1,0,0
model3d_Cf8_N400_T5_lam15_lam23_h1_cu1_pi16_pi26_e039e6,3d,8.0,330,4.125,1,1,1,0,0
model3d_Cf8_N400_T5_lam15_lam23_h1_cu1_pi16_pi26_e039e6,3d,8.0,331,4.1375,1,1,1,0,0
model3d_Cf8_N400_T5_lam15_lam23_h1_cu1_pi16_pi26_e039e6,3d,8.0,332,4.15,1,1,1,0,0
model3d_Cf8_N400_T5_lam15_lam23_h1_cu1_pi16_pi26_e039e6,3d,8.0,333,4.1625,1,1,1,0,0
model3d_Cf8_N400_T5_lam15_lam23_h1_cu1_pi16_pi26_e039e6,3d,8.0,334,4.175,1,1,1,0,0
model3d_Cf8_N400_T5_lam15_lam23_h1_cu1_pi16_pi26_e039e6,3d,8.0,335,4.1875,1,1,1,0,0
model3d_Cf8_N400_T5_lam15_lam23_h1_cu1_pi16_pi26_e039e6,3d,8.0,336,4.2,1,1,1,0,0
model3d_Cf8_N400_T5_lam15_lam23_h1_cu1_pi16_pi26_e039e6,3d,8.0,337,4.2125,1,1,1,0,0
model3d_Cf8_N400_T5_lam15_lam23_h1_cu1_pi16_pi26_e039e6,3d,8.0,338,4.225,1,1,1,0,0
model3d_Cf8_N400_T5_lam15_lam23_h1_cu1_pi16_pi26_e039e6,3d,8.0,339,4.2375,1,1,1,0,0
model3d_Cf8_N400_T5_lam15_lam23_h1_cu1_pi16_pi26_e039e6,3d,8.0,340,4.25,1,1,1,0,0
model3d_Cf8_N400_T5_lam15_lam23_h1_cu1_pi16_pi26_e039e6,3d,8.0,341,4.2625,1,1,1,0,0
model3d_Cf8_N400_T5_lam15_lam23_h1_cu1_pi16_pi26_e039e6,3d,8.0,342,4.275,1,1,1,0,0
model3d_Cf8_N400_T5_lam15_lam23_h1_cu1_pi16_pi26_e039e6,3d,8.0,343,4.2875,1,1,1,0,0
model3d_Cf8_N400_T5_lam15_lam23_h1_cu1_pi16_pi26_e039e6,3d,8.0,344,4.3,1,1,1,0,0
model3d_Cf8_N400_T5_lam15_lam23_h1_cu1_pi16_pi26_e039e6,3d,8.0,345,4.3125,1,1,1,0,0
model3d_Cf8_N400_T5_lam15_lam23_h1_cu1_pi16_pi26_e039e6,3d,8.0,346,4.325,1,1,1,0,0
model3d_Cf8_N400_T5_lam15_lam23_h1_cu1_pi16_pi26_e039e6,3d,8.0,347,4.3375,1,1,1,0,0
model3d_Cf8_N400_T5_lam15_lam23_h1_cu1_pi16_pi26_e039e6,3d,8.0,348,4.35,1,1,1,0,0
model3d_Cf8_N400_T5_lam15_lam23_h1_cu1_pi16_pi26_e039e6,3d,8.0,349,4.3625,1,1,1,0,0
model3d_Cf8_N400_T5_lam15_lam23_h1_cu1_pi16_pi26_e039e6,3d,8.0,350,4.375,1,1,1,0,0
model3d_Cf8_N400_T5_lam15_lam23_h1_cu1_pi16_pi26_e039e6,3d,8.0,351,4.3875,1,1,1,0,0
model3d_Cf8_N400_T5_lam15_lam23_h1_cu1_pi16_pi26_e039e6,3d,8.0,352,4.4,1,1,1,0,0
model3d_Cf8_N400_T5_lam15_lam23_h1_cu1_pi16_pi26_e039e6,3d,8.0,353,4.4125,1,1,1,0,0
model3d_Cf8_N400_T5_lam15_lam23_h1_cu1_pi16_pi26_e039e6,3d,8.0,354,4.425,1,1,1,0,0
model3d_Cf8_N400_T5_lam15_lam23_h1_cu1_pi16_pi26_e039e6,3d,8.0,355,4.4375,1,1,1,0,0
model3d_Cf8_N400_T5_lam15_lam23_h1_cu1_pi16_pi26_e039e6,3d,8.0,356,4.45,1,1,1,0,0
model3d_Cf8_N400_T5_lam15_lam23_h1_cu1_pi16_pi26_e039e6,3d,8.0,357,4.4625,1,1,1,0,0
model3d_Cf8_N400_T5_lam15_lam23_h1_cu1_pi16_pi26_e039e6,3d,8.0,358,4.475,1,1,1,0,0
model3d_Cf8_N400_T5_lam15_lam23_h1_cu1_pi16_pi26_e039e6,3d,8.0,359,4.4875,1,1,1,0,0
model3d_Cf8_N400_T5_lam15_lam23_h1_cu1_pi16_pi26_e039e6,3d,8.0,360,4.5,1,1,1,0,0
model3d_Cf8_N400_T5_lam15_lam23_h1_cu1_pi16_pi26_e039e6,3d,8.0,361,4.5125,1,1,1,0,0
model3d_Cf8_N400_T5_lam15_lam23_h1_cu1_pi16_pi26_e039e6,3d,8.0,362,4.525,1,1,1,0,0
model3d_Cf8_N400_T5_lam15_lam23_h1_cu1_pi16_pi26_e039e6,3d,8.0,363,4.5375,1,1,1,0,0
model3d_Cf8_N400_T5_lam15_lam23_h1_cu1_pi16_pi26_e039e6,3d,8.0,364,4.55,1,1,1,0,0
model3d_Cf8_N400_T5_lam15_lam23_h1_cu1_pi16_pi26_e039e6,3d,8.0,365,4.5625,1,1,1,0,0
model3d_Cf8_N400_T5_lam15_lam23_h1_cu1_pi16_pi26_e039e6,3d,8.0,366,4.575,1,1,1,0,0
model3d_Cf8_N400_T5_lam15_lam23_h1_cu1_pi16_pi26_e039e6,3d,8.0,367,4.5875,1,1,1,0,0
model3d_Cf8_N400_T5_lam15_lam23_h1_cu1_pi16_pi26_e039e6,3d,8.0,368,4.6,1,1,1,0,0
model3d_Cf8_N400_T5_lam15_lam23_h1_cu1_pi16_pi26_e039e6,3d,8.0,369,4.6125,1,1,1,0,0
model3d_Cf8_N400_T5_lam15_lam23_h1_cu1_pi16_pi26_e039e6,3d,8.0,370,4.625,1,1,1,0,0
model3d_Cf8_N400_T5_lam15_lam23_h1_cu1_pi16_pi26_e039e6,3d,8.0,371,4.6375,1,1,1,0,0
model3d_Cf8_N400_T5_lam15_lam23_h1_cu1_pi16_pi26_e039e6,3d,8.0,372,4.65,1,1,1,0,0
model3d_Cf8_N400_T5_lam15_lam23_h1_cu1_pi16_pi26_e039e6,3d,8.0,373,4.6625,1,1,1,0,0
model3d_Cf8_N400_T5_lam15_lam23_h1_cu1_pi16_pi26_e039e6,3d,8.0,374,4.675,1,1,1,0,0
model3d_Cf8_N400_T5_lam15_lam23_h1_cu1_pi16_pi26_e039e6,3d,8.0,375,4.6875,1,1,1,0,0
model3d_Cf8_N400_T5_lam15_lam23_h1_cu1_pi16_pi26_e039e6,3d,8.0,376,4.7,1,1,1,0,0
model3d_Cf8_N400_T5_lam15_lam23_h1_cu1_pi16_pi26_e039e6,3d,8.0,377,4.7125,1,1,1,0,0
model3d_Cf8_N400_T5_lam15_lam23_h1_cu1_pi16_pi26_e039e6,3d,8.0,378,4.725,1,1,1,0,0
model3d_Cf8_N400_T5_lam15_lam23_h1_cu1_pi16_pi26_e039e6,3d,8.0,379,4.7375,1,1,1,0,0
model3d_Cf8_N400_T5_lam15_lam23_h1_cu1_pi16_pi26_e039e6,3d,8.0,380,4.75,1,1,1,0,0
model3d_Cf8_N400_T5_lam15_lam23_h1_cu1_pi16_pi26_e039e6,3d,8.0,381,4.7625,1,1,1,0,0
model3d_Cf8_N400_T5_lam15_lam23_h1_cu1_pi16_pi26_e039e6,3d,8.0,382,4.775,1,1,1,0,0
model3d_Cf8_N400_T5_lam15_lam23_h1_cu1_pi16_pi26_e039e6,3d,8.0,383,4.7875,1,1,1,0,0
model3d_Cf8_N400_T5_lam15_lam23_h1_cu1_pi16_pi26_e039e6,3d,8.0,384,4.8,1,1,1,0,0
model3d_Cf8_N400_T5_lam15_lam23_h1_cu1_pi16_pi26_e039e6,3d,8.0,385,4.8125,1,1,1,0,0
model3d_Cf8_N400_T5_lam15_lam23_h1_cu1_pi16_pi26_e039e6,3d,8.0,386,4.825,1,1,1,0,0
model3d_Cf8_N400_T5_lam15_lam23_h1_cu1_pi16_pi26_e039e6,3d,8.0,387,4.8375,1,1,1,0,0
model3d_Cf8_N400_T5_lam15_lam23_h1_cu1_pi16_pi26_e039e6,3d,8.0,388,4.85,1,1,1,0,0
model3d_Cf8_N400_T5_lam15_lam23_h1_cu1_pi16_pi26_e039e6,3d,8.0,389,4.8625,1,1,1,0,0
model3d_Cf8_N400_T5_lam15_lam23_h1_cu1_pi16_pi26_e039e6,3d,8.0,390,4.875,1,1,1,0,0
model3d_Cf8_N400_T5_lam15_lam23_h1_cu1_pi16_pi26_e039e6,3d,8.0,391,4.8875,1,1,1,0,0
model3d_Cf8_N400_T5_lam15_lam23_h1_cu1_pi16_pi26_e039e6,3d,8.0,392,4.9,1,1,1,0,0
model3d_Cf8_N400_T5_lam15_lam23_h1_cu1_pi16_pi26_e039e6,3d,8.0,393,4.9125,1,1,1,0,0
model3d_Cf8_N400_T5_lam15_lam23_h1_cu1_pi16_pi26_e039e6,3d,8.0,394,4.925,1,1,1,0,0
model3d_Cf8_N400_T5_lam15_lam23_h1_cu1_pi16_pi26_e039e6,3d,8.0,395,4.9375,1,1,1,0,0
model3d_Cf8_N400_T5_lam15_lam23_h1_cu1_pi16_pi26_e039e6,3d,8.0,396,4.95,1,1,1,0,0
model3d_Cf8_N400_T5_lam15_lam23_h1_cu1_pi16_pi26_e039e6,3d,8.0,397,4.9625,1,1,1,0,0
model3d_Cf8_N400_T5_lam15_lam23_h1_cu1_pi16_pi26_e039e6,3d,8.0,398,4.975,1,1,1,0,0
model3d_Cf8_N400_T5_lam15_lam23_h1_cu1_pi16_pi26_e039e6,3d,8.0,399,4.9875,1,1,1,0,0
model3d_Cf8_N400_T5_lam15_lam23_h1_cu1_pi16_pi26_e039e6,3d,8.0,400,5.0,1,1,1,0,0
