I2,b1,tau,V_wait,Action,q_star,V_final
-50,0,3.0,2957.50,WAIT,0,2957.50
-50,1,3.0,2977.50,WAIT,0,2977.50
-50,2,3.0,2997.50,WAIT,0,2997.50
-50,3,3.0,3017.50,WAIT,0,3017.50
-50,4,3.0,3037.50,WAIT,0,3037.50
-50,5,3.0,3057.50,WAIT,0,3057.50
-50,6,3.0,3077.50,WAIT,0,3077.50
-50,7,3.0,3097.50,WAIT,0,3097.50
-50,8,3.0,3117.50,WAIT,0,3117.50
-50,9,3.0,3137.50,WAIT,0,3137.50
-50,10,3.0,3157.50,WAIT,0,3157.50
-50,11,3.0,3177.50,WAIT,0,3177.50
-50,12,3.0,3197.50,WAIT,0,3197.50
-50,13,3.0,3217.50,WAIT,0,3217.50
-50,14,3.0,3237.50,WAIT,0,3237.50
-50,15,3.0,3257.50,WAIT,0,3257.50
-50,16,3.0,3277.50,WAIT,0,3277.50
-50,17,3.0,3297.50,WAIT,0,3297.50
-50,18,3.0,3317.50,WAIT,0,3317.50
-50,19,3.0,3337.50,WAIT,0,3337.50
-49,0,3.0,2878.70,WAIT,0,2878.70
-49,1,3.0,2898.70,WAIT,0,2898.70
-49,2,3.0,2918.70,WAIT,0,2918.70
-49,3,3.0,2938.70,WAIT,0,2938.70
-49,4,3.0,2958.70,WAIT,0,2958.70
-49,5,3.0,2978.70,WAIT,0,2978.70
-49,6,3.0,2998.70,WAIT,0,2998.70
-49,7,3.0,3018.70,WAIT,0,3018.70
-49,8,3.0,3038.70,WAIT,0,3038.70
-49,9,3.0,3058.70,WAIT,0,3058.70
-49,10,3.0,3078.70,WAIT,0,3078.70
-49,11,3.0,3098.70,WAIT,0,3098.70
-49,12,3.0,3118.70,WAIT,0,3118.70
-49,13,3.0,3138.70,WAIT,0,3138.70
-49,14,3.0,3158.70,WAIT,0,3158.70
-49,15,3.0,3178.70,WAIT,0,3178.70
-49,16,3.0,3198.70,WAIT,0,3198.70
-49,17,3.0,3218.70,WAIT,0,3218.70
-49,18,3.0,3238.70,WAIT,0,3238.70
-49,19,3.0,3258.70,WAIT,0,3258.70
-48,0,3.0,2801.10,WAIT,0,2801.10
-48,1,3.0,2821.10,WAIT,0,2821.10
-48,2,3.0,2841.10,WAIT,0,2841.10
-48,3,3.0,2861.10,WAIT,0,2861.10
-48,4,3.0,2881.10,WAIT,0,2881.10
-48,5,3.0,2901.10,WAIT,0,2901.10
-48,6,3.0,2921.10,WAIT,0,2921.10
-48,7,3.0,2941.10,WAIT,0,2941.10
-48,8,3.0,2961.10,WAIT,0,2961.10
-48,9,3.0,2981.10,WAIT,0,2981.10
-48,10,3.0,3001.10,WAIT,0,3001.10
-48,11,3.0,3021.10,WAIT,0,3021.10
-48,12,3.0,3041.10,WAIT,0,3041.10
-48,13,3.0,3061.10,WAIT,0,3061.10
-48,14,3.0,3081.10,WAIT,0,3081.10
-48,15,3.0,3101.10,WAIT,0,3101.10
-48,16,3.0,3121.10,WAIT,0,3121.10
-48,17,3.0,3141.10,WAIT,0,3141.10
-48,18,3.0,3161.10,WAIT,0,3161.10
-48,19,3.0,3181.10,WAIT,0,3181.10
-47,0,3.0,2724.70,WAIT,0,2724.70
-47,1,3.0,2744.70,WAIT,0,2744.70
-47,2,3.0,2764.70,WAIT,0,2764.70
-47,3,3.0,2784.70,WAIT,0,2784.70
-47,4,3.0,2804.70,WAIT,0,2804.70
-47,5,3.0,2824.70,WAIT,0,2824.70
-47,6,3.0,2844.70,WAIT,0,2844.70
-47,7,3.0,2864.70,WAIT,0,2864.70
-47,8,3.0,2884.70,WAIT,0,2884.70
-47,9,3.0,2904.70,WAIT,0,2904.70
-47,10,3.0,2924.70,WAIT,0,2924.70
-47,11,3.0,2944.70,WAIT,0,2944.70
-47,12,3.0,2964.70,WAIT,0,2964.70
-47,13,3.0,2984.70,WAIT,0,2984.70
-47,14,3.0,3004.70,WAIT,0,3004.70
-47,15,3.0,3024.70,WAIT,0,3024.70
-47,16,3.0,3044.70,WAIT,0,3044.70
-47,17,3.0,3064.70,WAIT,0,3064.70
-47,18,3.0,3084.70,WAIT,0,3084.70
-47,19,3.0,3104.70,WAIT,0,3104.70
-46,0,3.0,2649.50,WAIT,0,2649.50
-46,1,3.0,2669.50,WAIT,0,2669.50
-46,2,3.0,2689.50,WAIT,0,2689.50
-46,3,3.0,2709.50,WAIT,0,2709.50
-46,4,3.0,2729.50,WAIT,0,2729.50
-46,5,3.0,2749.50,WAIT,0,2749.50
-46,6,3.0,2769.50,WAIT,0,2769.50
-46,7,3.0,2789.50,WAIT,0,2789.50
-46,8,3.0,2809.50,WAIT,0,2809.50
-46,9,3.0,2829.50,WAIT,0,2829.50
-46,10,3.0,2849.50,WAIT,0,2849.50
-46,11,3.0,2869.50,WAIT,0,2869.50
-46,12,3.0,2889.50,WAIT,0,2889.50
-46,13,3.0,2909.50,WAIT,0,2909.50
-46,14,3.0,2929.50,WAIT,0,2929.50
-46,15,3.0,2949.50,WAIT,0,2949.50
-46,16,3.0,2969.50,WAIT,0,2969.50
-46,17,3.0,2989.50,WAIT,0,2989.50
-46,18,3.0,3009.50,WAIT,0,3009.50
-46,19,3.0,3029.50,WAIT,0,3029.50
-45,0,3.0,2575.50,WAIT,0,2575.50
-45,1,3.0,2595.50,WAIT,0,2595.50
-45,2,3.0,2615.50,WAIT,0,2615.50
-45,3,3.0,2635.50,WAIT,0,2635.50
-45,4,3.0,2655.50,WAIT,0,2655.50
-45,5,3.0,2675.50,WAIT,0,2675.50
-45,6,3.0,2695.50,WAIT,0,2695.50
-45,7,3.0,2715.50,WAIT,0,2715.50
-45,8,3.0,2735.50,WAIT,0,2735.50
-45,9,3.0,2755.50,WAIT,0,2755.50
-45,10,3.0,2775.50,WAIT,0,2775.50
-45,11,3.0,2795.50,WAIT,0,2795.50
-45,12,3.0,2815.50,WAIT,0,2815.50
-45,13,3.0,2835.50,WAIT,0,2835.50
-45,14,3.0,2855.50,WAIT,0,2855.50
-45,15,3.0,2875.50,WAIT,0,2875.50
-45,16,3.0,2895.50,WAIT,0,2895.50
-45,17,3.0,2915.50,WAIT,0,2915.50
-45,18,3.0,2935.50,WAIT,0,2935.50
-45,19,3.0,2955.50,WAIT,0,2955.50
-44,0,3.0,2502.70,WAIT,0,2502.70
-44,1,3.0,2522.70,WAIT,0,2522.70
-44,2,3.0,2542.70,WAIT,0,2542.70
-44,3,3.0,2562.70,WAIT,0,2562.70
-44,4,3.0,2582.70,WAIT,0,2582.70
-44,5,3.0,2602.70,WAIT,0,2602.70
-44,6,3.0,2622.70,WAIT,0,2622.70
-44,7,3.0,2642.70,WAIT,0,2642.70
-44,8,3.0,2662.70,WAIT,0,2662.70
-44,9,3.0,2682.70,WAIT,0,2682.70
-44,10,3.0,2702.70,WAIT,0,2702.70
-44,11,3.0,2722.70,WAIT,0,2722.70
-44,12,3.0,2742.70,WAIT,0,2742.70
-44,13,3.0,2762.70,WAIT,0,2762.70
-44,14,3.0,2782.70,WAIT,0,2782.70
-44,15,3.0,2802.70,WAIT,0,2802.70
-44,16,3.0,2822.70,WAIT,0,2822.70
-44,17,3.0,2842.70,WAIT,0,2842.70
-44,18,3.0,2862.70,WAIT,0,2862.70
-44,19,3.0,2882.70,WAIT,0,2882.70
-43,0,3.0,2431.10,WAIT,0,2431.10
-43,1,3.0,2451.10,WAIT,0,2451.10
-43,2,3.0,2471.10,WAIT,0,2471.10
-43,3,3.0,2491.10,WAIT,0,2491.10
-43,4,3.0,2511.10,WAIT,0,2511.10
-43,5,3.0,2531.10,WAIT,0,2531.10
-43,6,3.0,2551.10,WAIT,0,2551.10
-43,7,3.0,2571.10,WAIT,0,2571.10
-43,8,3.0,2591.10,WAIT,0,2591.10
-43,9,3.0,2611.10,WAIT,0,2611.10
-43,10,3.0,2631.10,WAIT,0,2631.10
-43,11,3.0,2651.10,WAIT,0,2651.10
-43,12,3.0,2671.10,WAIT,0,2671.10
-43,13,3.0,2691.10,WAIT,0,2691.10
-43,14,3.0,2711.10,WAIT,0,2711.10
-43,15,3.0,2731.10,WAIT,0,2731.10
-43,16,3.0,2751.10,WAIT,0,2751.10
-43,17,3.0,2771.10,WAIT,0,2771.10
-43,18,3.0,2791.10,WAIT,0,2791.10
-43,19,3.0,2811.10,WAIT,0,2811.10
-42,0,3.0,2360.70,WAIT,0,2360.70
-42,1,3.0,2380.70,WAIT,0,2380.70
-42,2,3.0,2400.70,WAIT,0,2400.70
-42,3,3.0,2420.70,WAIT,0,2420.70
-42,4,3.0,2440.70,WAIT,0,2440.70
-42,5,3.0,2460.70,WAIT,0,2460.70
-42,6,3.0,2480.70,WAIT,0,2480.70
-42,7,3.0,2500.70,WAIT,0,2500.70
-42,8,3.0,2520.70,WAIT,0,2520.70
-42,9,3.0,2540.70,WAIT,0,2540.70
-42,10,3.0,2560.70,WAIT,0,2560.70
-42,11,3.0,2580.70,WAIT,0,2580.70
-42,12,3.0,2600.70,WAIT,0,2600.70
-42,13,3.0,2620.70,WAIT,0,2620.70
-42,14,3.0,2640.70,WAIT,0,2640.70
-42,15,3.0,2660.70,WAIT,0,2660.70
-42,16,3.0,2680.70,WAIT,0,2680.70
-42,17,3.0,2700.70,WAIT,0,2700.70
-42,18,3.0,2720.70,WAIT,0,2720.70
-42,19,3.0,2740.70,WAIT,0,2740.70
-41,0,3.0,2291.50,WAIT,0,2291.50
-41,1,3.0,2311.50,WAIT,0,2311.50
-41,2,3.0,2331.50,WAIT,0,2331.50
-41,3,3.0,2351.50,WAIT,0,2351.50
-41,4,3.0,2371.50,WAIT,0,2371.50
-41,5,3.0,2391.50,WAIT,0,2391.50
-41,6,3.0,2411.50,WAIT,0,2411.50
-41,7,3.0,2431.50,WAIT,0,2431.50
-41,8,3.0,2451.50,WAIT,0,2451.50
-41,9,3.0,2471.50,WAIT,0,2471.50
-41,10,3.0,2491.50,WAIT,0,2491.50
-41,11,3.0,2511.50,WAIT,0,2511.50
-41,12,3.0,2531.50,WAIT,0,2531.50
-41,13,3.0,2551.50,WAIT,0,2551.50
-41,14,3.0,2571.50,WAIT,0,2571.50
-41,15,3.0,2591.50,WAIT,0,2591.50
-41,16,3.0,2611.50,WAIT,0,2611.50
-41,17,3.0,2631.50,WAIT,0,2631.50
-41,18,3.0,2651.50,WAIT,0,2651.50
-41,19,3.0,2671.50,WAIT,0,2671.50
-40,0,3.0,2223.50,WAIT,0,2223.50
-40,1,3.0,2243.50,WAIT,0,2243.50
-40,2,3.0,2263.50,WAIT,0,2263.50
-40,3,3.0,2283.50,WAIT,0,2283.50
-40,4,3.0,2303.50,WAIT,0,2303.50
-40,5,3.0,2323.50,WAIT,0,2323.50
-40,6,3.0,2343.50,WAIT,0,2343.50
-40,7,3.0,2363.50,WAIT,0,2363.50
-40,8,3.0,2383.50,WAIT,0,2383.50
-40,9,3.0,2403.50,WAIT,0,2403.50
-40,10,3.0,2423.50,WAIT,0,2423.50
-40,11,3.0,2443.50,WAIT,0,2443.50
-40,12,3.0,2463.50,WAIT,0,2463.50
-40,13,3.0,2483.50,WAIT,0,2483.50
-40,14,3.0,2503.50,WAIT,0,2503.50
-40,15,3.0,2523.50,WAIT,0,2523.50
-40,16,3.0,2543.50,WAIT,0,2543.50
-40,17,3.0,2563.50,WAIT,0,2563.50
-40,18,3.0,2583.50,WAIT,0,2583.50
-40,19,3.0,2603.50,WAIT,0,2603.50
-39,0,3.0,2156.70,WAIT,0,2156.70
-39,1,3.0,2176.70,WAIT,0,2176.70
-39,2,3.0,2196.70,WAIT,0,2196.70
-39,3,3.0,2216.70,WAIT,0,2216.70
-39,4,3.0,2236.70,WAIT,0,2236.70
-39,5,3.0,2256.70,WAIT,0,2256.70
-39,6,3.0,2276.70,WAIT,0,2276.70
-39,7,3.0,2296.70,WAIT,0,2296.70
-39,8,3.0,2316.70,WAIT,0,2316.70
-39,9,3.0,2336.70,WAIT,0,2336.70
-39,10,3.0,2356.70,WAIT,0,2356.70
-39,11,3.0,2376.70,WAIT,0,2376.70
-39,12,3.0,2396.70,WAIT,0,2396.70
-39,13,3.0,2416.70,WAIT,0,2416.70
-39,14,3.0,2436.70,WAIT,0,2436.70
-39,15,3.0,2456.70,WAIT,0,2456.70
-39,16,3.0,2476.70,WAIT,0,2476.70
-39,17,3.0,2496.70,WAIT,0,2496.70
-39,18,3.0,2516.70,WAIT,0,2516.70
-39,19,3.0,2536.70,WAIT,0,2536.70
-38,0,3.0,2091.10,WAIT,0,2091.10
-38,1,3.0,2111.10,WAIT,0,2111.10
-38,2,3.0,2131.10,WAIT,0,2131.10
-38,3,3.0,2151.10,WAIT,0,2151.10
-38,4,3.0,2171.10,WAIT,0,2171.10
-38,5,3.0,2191.10,WAIT,0,2191.10
-38,6,3.0,2211.10,WAIT,0,2211.10
-38,7,3.0,2231.10,WAIT,0,2231.10
-38,8,3.0,2251.10,WAIT,0,2251.10
-38,9,3.0,2271.10,WAIT,0,2271.10
-38,10,3.0,2291.10,WAIT,0,2291.10
-38,11,3.0,2311.10,WAIT,0,2311.10
-38,12,3.0,2331.10,WAIT,0,2331.10
-38,13,3.0,2351.10,WAIT,0,2351.10
-38,14,3.0,2371.10,WAIT,0,2371.10
-38,15,3.0,2391.10,WAIT,0,2391.10
-38,16,3.0,2411.10,WAIT,0,2411.10
-38,17,3.0,2431.10,WAIT,0,2431.10
-38,18,3.0,2451.10,WAIT,0,2451.10
-38,19,3.0,2471.10,WAIT,0,2471.10
-37,0,3.0,2026.70,WAIT,0,2026.70
-37,1,3.0,2046.70,WAIT,0,2046.70
-37,2,3.0,2066.70,WAIT,0,2066.70
-37,3,3.0,2086.70,WAIT,0,2086.70
-37,4,3.0,2106.70,WAIT,0,2106.70
-37,5,3.0,2126.70,WAIT,0,2126.70
-37,6,3.0,2146.70,WAIT,0,2146.70
-37,7,3.0,2166.70,WAIT,0,2166.70
-37,8,3.0,2186.70,WAIT,0,2186.70
-37,9,3.0,2206.70,WAIT,0,2206.70
-37,10,3.0,2226.70,WAIT,0,2226.70
-37,11,3.0,2246.70,WAIT,0,2246.70
-37,12,3.0,2266.70,WAIT,0,2266.70
-37,13,3.0,2286.70,WAIT,0,2286.70
-37,14,3.0,2306.70,WAIT,0,2306.70
-37,15,3.0,2326.70,WAIT,0,2326.70
-37,16,3.0,2346.70,WAIT,0,2346.70
-37,17,3.0,2366.70,WAIT,0,2366.70
-37,18,3.0,2386.70,WAIT,0,2386.70
-37,19,3.0,2406.70,WAIT,0,2406.70
-36,0,3.0,1963.50,WAIT,0,1963.50
-36,1,3.0,1983.50,WAIT,0,1983.50
-36,2,3.0,2003.50,WAIT,0,2003.50
-36,3,3.0,2023.50,WAIT,0,2023.50
-36,4,3.0,2043.50,WAIT,0,2043.50
-36,5,3.0,2063.50,WAIT,0,2063.50
-36,6,3.0,2083.50,WAIT,0,2083.50
-36,7,3.0,2103.50,WAIT,0,2103.50
-36,8,3.0,2123.50,WAIT,0,2123.50
-36,9,3.0,2143.50,WAIT,0,2143.50
-36,10,3.0,2163.50,WAIT,0,2163.50
-36,11,3.0,2183.50,WAIT,0,2183.50
-36,12,3.0,2203.50,WAIT,0,2203.50
-36,13,3.0,2223.50,WAIT,0,2223.50
-36,14,3.0,2243.50,WAIT,0,2243.50
-36,15,3.0,2263.50,WAIT,0,2263.50
-36,16,3.0,2283.50,WAIT,0,2283.50
-36,17,3.0,2303.50,WAIT,0,2303.50
-36,18,3.0,2323.50,WAIT,0,2323.50
-36,19,3.0,2343.50,WAIT,0,2343.50
-35,0,3.0,1901.50,WAIT,0,1901.50
-35,1,3.0,1921.50,WAIT,0,1921.50
-35,2,3.0,1941.50,WAIT,0,1941.50
-35,3,3.0,1961.50,WAIT,0,1961.50
-35,4,3.0,1981.50,WAIT,0,1981.50
-35,5,3.0,2001.50,WAIT,0,2001.50
-35,6,3.0,2021.50,WAIT,0,2021.50
-35,7,3.0,2041.50,WAIT,0,2041.50
-35,8,3.0,2061.50,WAIT,0,2061.50
-35,9,3.0,2081.50,WAIT,0,2081.50
-35,10,3.0,2101.50,WAIT,0,2101.50
-35,11,3.0,2121.50,WAIT,0,2121.50
-35,12,3.0,2141.50,WAIT,0,2141.50
-35,13,3.0,2161.50,WAIT,0,2161.50
-35,14,3.0,2181.50,WAIT,0,2181.50
-35,15,3.0,2201.50,WAIT,0,2201.50
-35,16,3.0,2221.50,WAIT,0,2221.50
-35,17,3.0,2241.50,WAIT,0,2241.50
-35,18,3.0,2261.50,WAIT,0,2261.50
-35,19,3.0,2281.50,WAIT,0,2281.50
-34,0,3.0,1840.70,WAIT,0,1840.70
-34,1,3.0,1860.70,WAIT,0,1860.70
-34,2,3.0,1880.70,WAIT,0,1880.70
-34,3,3.0,1900.70,WAIT,0,1900.70
-34,4,3.0,1920.70,WAIT,0,1920.70
-34,5,3.0,1940.70,WAIT,0,1940.70
-34,6,3.0,1960.70,WAIT,0,1960.70
-34,7,3.0,1980.70,WAIT,0,1980.70
-34,8,3.0,2000.70,WAIT,0,2000.70
-34,9,3.0,2020.70,WAIT,0,2020.70
-34,10,3.0,2040.70,WAIT,0,2040.70
-34,11,3.0,2060.70,WAIT,0,2060.70
-34,12,3.0,2080.70,WAIT,0,2080.70
-34,13,3.0,2100.70,WAIT,0,2100.70
-34,14,3.0,2120.70,WAIT,0,2120.70
-34,15,3.0,2140.70,WAIT,0,2140.70
-34,16,3.0,2160.70,WAIT,0,2160.70
-34,17,3.0,2180.70,WAIT,0,2180.70
-34,18,3.0,2200.70,WAIT,0,2200.70
-34,19,3.0,2220.70,WAIT,0,2220.70
-33,0,3.0,1781.10,WAIT,0,1781.10
-33,1,3.0,1801.10,WAIT,0,1801.10
-33,2,3.0,1821.10,WAIT,0,1821.10
-33,3,3.0,1841.10,WAIT,0,1841.10
-33,4,3.0,1861.10,WAIT,0,1861.10
-33,5,3.0,1881.10,WAIT,0,1881.10
-33,6,3.0,1901.10,WAIT,0,1901.10
-33,7,3.0,1921.10,WAIT,0,1921.10
-33,8,3.0,1941.10,WAIT,0,1941.10
-33,9,3.0,1961.10,WAIT,0,1961.10
-33,10,3.0,1981.10,WAIT,0,1981.10
-33,11,3.0,2001.10,WAIT,0,2001.10
-33,12,3.0,2021.10,WAIT,0,2021.10
-33,13,3.0,2041.10,WAIT,0,2041.10
-33,14,3.0,2061.10,WAIT,0,2061.10
-33,15,3.0,2081.10,WAIT,0,2081.10
-33,16,3.0,2101.10,WAIT,0,2101.10
-33,17,3.0,2121.10,WAIT,0,2121.10
-33,18,3.0,2141.10,WAIT,0,2141.10
-33,19,3.0,2161.10,WAIT,0,2161.10
-32,0,3.0,1722.70,WAIT,0,1722.70
-32,1,3.0,1742.70,WAIT,0,1742.70
-32,2,3.0,1762.70,WAIT,0,1762.70
-32,3,3.0,1782.70,WAIT,0,1782.70
-32,4,3.0,1802.70,WAIT,0,1802.70
-32,5,3.0,1822.70,WAIT,0,1822.70
-32,6,3.0,1842.70,WAIT,0,1842.70
-32,7,3.0,1862.70,WAIT,0,1862.70
-32,8,3.0,1882.70,WAIT,0,1882.70
-32,9,3.0,1902.70,WAIT,0,1902.70
-32,10,3.0,1922.70,WAIT,0,1922.70
-32,11,3.0,1942.70,WAIT,0,1942.70
-32,12,3.0,1962.70,WAIT,0,1962.70
-32,13,3.0,1982.70,WAIT,0,1982.70
-32,14,3.0,2002.70,WAIT,0,2002.70
-32,15,3.0,2022.70,WAIT,0,2022.70
-32,16,3.0,2042.70,WAIT,0,2042.70
-32,17,3.0,2062.70,WAIT,0,2062.70
-32,18,3.0,2082.70,WAIT,0,2082.70
-32,19,3.0,2102.70,WAIT,0,2102.70
-31,0,3.0,1665.50,WAIT,0,1665.50
-31,1,3.0,1685.50,WAIT,0,1685.50
-31,2,3.0,1705.50,WAIT,0,1705.50
-31,3,3.0,1725.50,WAIT,0,1725.50
-31,4,3.0,1745.50,WAIT,0,1745.50
-31,5,3.0,1765.50,WAIT,0,1765.50
-31,6,3.0,1785.50,WAIT,0,1785.50
-31,7,3.0,1805.50,WAIT,0,1805.50
-31,8,3.0,1825.50,WAIT,0,1825.50
-31,9,3.0,1845.50,WAIT,0,1845.50
-31,10,3.0,1865.50,WAIT,0,1865.50
-31,11,3.0,1885.50,WAIT,0,1885.50
-31,12,3.0,1905.50,WAIT,0,1905.50
-31,13,3.0,1925.50,WAIT,0,1925.50
-31,14,3.0,1945.50,WAIT,0,1945.50
-31,15,3.0,1965.50,WAIT,0,1965.50
-31,16,3.0,1985.50,WAIT,0,1985.50
-31,17,3.0,2005.50,WAIT,0,2005.50
-31,18,3.0,2025.50,WAIT,0,2025.50
-31,19,3.0,2045.50,WAIT,0,2045.50
-30,0,3.0,1609.50,WAIT,0,1609.50
-30,1,3.0,1629.50,WAIT,0,1629.50
-30,2,3.0,1649.50,WAIT,0,1649.50
-30,3,3.0,1669.50,WAIT,0,1669.50
-30,4,3.0,1689.50,WAIT,0,1689.50
-30,5,3.0,1709.50,WAIT,0,1709.50
-30,6,3.0,1729.50,WAIT,0,1729.50
-30,7,3.0,1749.50,WAIT,0,1749.50
-30,8,3.0,1769.50,WAIT,0,1769.50
-30,9,3.0,1789.50,WAIT,0,1789.50
-30,10,3.0,1809.50,WAIT,0,1809.50
-30,11,3.0,1829.50,WAIT,0,1829.50
-30,12,3.0,1849.50,WAIT,0,1849.50
-30,13,3.0,1869.50,WAIT,0,1869.50
-30,14,3.0,1889.50,WAIT,0,1889.50
-30,15,3.0,1909.50,WAIT,0,1909.50
-30,16,3.0,1929.50,WAIT,0,1929.50
-30,17,3.0,1949.50,WAIT,0,1949.50
-30,18,3.0,1969.50,WAIT,0,1969.50
-30,19,3.0,1989.50,WAIT,0,1989.50
-29,0,3.0,1554.70,WAIT,0,1554.70
-29,1,3.0,1574.70,WAIT,0,1574.70
-29,2,3.0,1594.70,WAIT,0,1594.70
-29,3,3.0,1614.70,WAIT,0,1614.70
-29,4,3.0,1634.70,WAIT,0,1634.70
-29,5,3.0,1654.70,WAIT,0,1654.70
-29,6,3.0,1674.70,WAIT,0,1674.70
-29,7,3.0,1694.70,WAIT,0,1694.70
-29,8,3.0,1714.70,WAIT,0,1714.70
-29,9,3.0,1734.70,WAIT,0,1734.70
-29,10,3.0,1754.70,WAIT,0,1754.70
-29,11,3.0,1774.70,WAIT,0,1774.70
-29,12,3.0,1794.70,WAIT,0,1794.70
-29,13,3.0,1814.70,WAIT,0,1814.70
-29,14,3.0,1834.70,WAIT,0,1834.70
-29,15,3.0,1854.70,WAIT,0,1854.70
-29,16,3.0,1874.70,WAIT,0,1874.70
-29,17,3.0,1894.70,WAIT,0,1894.70
-29,18,3.0,1914.70,WAIT,0,1914.70
-29,19,3.0,1934.70,WAIT,0,1934.70
-28,0,3.0,1501.10,WAIT,0,1501.10
-28,1,3.0,1521.10,WAIT,0,1521.10
-28,2,3.0,1541.10,WAIT,0,1541.10
-28,3,3.0,1561.10,WAIT,0,1561.10
-28,4,3.0,1581.10,WAIT,0,1581.10
-28,5,3.0,1601.10,WAIT,0,1601.10
-28,6,3.0,1621.10,WAIT,0,1621.10
-28,7,3.0,1641.10,WAIT,0,1641.10
-28,8,3.0,1661.10,WAIT,0,1661.10
-28,9,3.0,1681.10,WAIT,0,1681.10
-28,10,3.0,1701.10,WAIT,0,1701.10
-28,11,3.0,1721.10,WAIT,0,1721.10
-28,12,3.0,1741.10,WAIT,0,1741.10
-28,13,3.0,1761.10,WAIT,0,1761.10
-28,14,3.0,1781.10,WAIT,0,1781.10
-28,15,3.0,1801.10,WAIT,0,1801.10
-28,16,3.0,1821.10,WAIT,0,1821.10
-28,17,3.0,1841.10,WAIT,0,1841.10
-28,18,3.0,1861.10,WAIT,0,1861.10
-28,19,3.0,1881.10,WAIT,0,1881.10
-27,0,3.0,1448.70,WAIT,0,1448.70
-27,1,3.0,1468.70,WAIT,0,1468.70
-27,2,3.0,1488.70,WAIT,0,1488.70
-27,3,3.0,1508.70,WAIT,0,1508.70
-27,4,3.0,1528.70,WAIT,0,1528.70
-27,5,3.0,1548.70,WAIT,0,1548.70
-27,6,3.0,1568.70,WAIT,0,1568.70
-27,7,3.0,1588.70,WAIT,0,1588.70
-27,8,3.0,1608.70,WAIT,0,1608.70
-27,9,3.0,1628.70,WAIT,0,1628.70
-27,10,3.0,1648.70,WAIT,0,1648.70
-27,11,3.0,1668.70,WAIT,0,1668.70
-27,12,3.0,1688.70,WAIT,0,1688.70
-27,13,3.0,1708.70,WAIT,0,1708.70
-27,14,3.0,1728.70,WAIT,0,1728.70
-27,15,3.0,1748.70,WAIT,0,1748.70
-27,16,3.0,1768.70,WAIT,0,1768.70
-27,17,3.0,1788.70,WAIT,0,1788.70
-27,18,3.0,1808.70,WAIT,0,1808.70
-27,19,3.0,1828.70,WAIT,0,1828.70
-26,0,3.0,1397.50,WAIT,0,1397.50
-26,1,3.0,1417.50,WAIT,0,1417.50
-26,2,3.0,1437.50,WAIT,0,1437.50
-26,3,3.0,1457.50,WAIT,0,1457.50
-26,4,3.0,1477.50,WAIT,0,1477.50
-26,5,3.0,1497.50,WAIT,0,1497.50
-26,6,3.0,1517.50,WAIT,0,1517.50
-26,7,3.0,1537.50,WAIT,0,1537.50
-26,8,3.0,1557.50,WAIT,0,1557.50
-26,9,3.0,1577.50,WAIT,0,1577.50
-26,10,3.0,1597.50,WAIT,0,1597.50
-26,11,3.0,1617.50,WAIT,0,1617.50
-26,12,3.0,1637.50,WAIT,0,1637.50
-26,13,3.0,1657.50,WAIT,0,1657.50
-26,14,3.0,1677.50,WAIT,0,1677.50
-26,15,3.0,1697.50,WAIT,0,1697.50
-26,16,3.0,1717.50,WAIT,0,1717.50
-26,17,3.0,1737.50,WAIT,0,1737.50
-26,18,3.0,1757.50,WAIT,0,1757.50
-26,19,3.0,1777.50,WAIT,0,1777.50
-25,0,3.0,1347.50,WAIT,0,1347.50
-25,1,3.0,1367.50,WAIT,0,1367.50
-25,2,3.0,1387.50,WAIT,0,1387.50
-25,3,3.0,1407.50,WAIT,0,1407.50
-25,4,3.0,1427.50,WAIT,0,1427.50
-25,5,3.0,1447.50,WAIT,0,1447.50
-25,6,3.0,1467.50,WAIT,0,1467.50
-25,7,3.0,1487.50,WAIT,0,1487.50
-25,8,3.0,1507.50,WAIT,0,1507.50
-25,9,3.0,1527.50,WAIT,0,1527.50
-25,10,3.0,1547.50,WAIT,0,1547.50
-25,11,3.0,1567.50,WAIT,0,1567.50
-25,12,3.0,1587.50,WAIT,0,1587.50
-25,13,3.0,1607.50,WAIT,0,1607.50
-25,14,3.0,1627.50,WAIT,0,1627.50
-25,15,3.0,1647.50,WAIT,0,1647.50
-25,16,3.0,1667.50,WAIT,0,1667.50
-25,17,3.0,1687.50,WAIT,0,1687.50
-25,18,3.0,1707.50,WAIT,0,1707.50
-25,19,3.0,1727.50,WAIT,0,1727.50
-24,0,3.0,1298.70,WAIT,0,1298.70
-24,1,3.0,1318.70,WAIT,0,1318.70
-24,2,3.0,1338.70,WAIT,0,1338.70
-24,3,3.0,1358.70,WAIT,0,1358.70
-24,4,3.0,1378.70,WAIT,0,1378.70
-24,5,3.0,1398.70,WAIT,0,1398.70
-24,6,3.0,1418.70,WAIT,0,1418.70
-24,7,3.0,1438.70,WAIT,0,1438.70
-24,8,3.0,1458.70,WAIT,0,1458.70
-24,9,3.0,1478.70,WAIT,0,1478.70
-24,10,3.0,1498.70,WAIT,0,1498.70
-24,11,3.0,1518.70,WAIT,0,1518.70
-24,12,3.0,1538.70,WAIT,0,1538.70
-24,13,3.0,1558.70,WAIT,0,1558.70
-24,14,3.0,1578.70,WAIT,0,1578.70
-24,15,3.0,1598.70,WAIT,0,1598.70
-24,16,3.0,1618.70,WAIT,0,1618.70
-24,17,3.0,1638.70,WAIT,0,1638.70
-24,18,3.0,1658.70,WAIT,0,1658.70
-24,19,3.0,1678.70,WAIT,0,1678.70
-23,0,3.0,1251.10,WAIT,0,1251.10
-23,1,3.0,1271.10,WAIT,0,1271.10
-23,2,3.0,1291.10,WAIT,0,1291.10
-23,3,3.0,1311.10,WAIT,0,1311.10
-23,4,3.0,1331.10,WAIT,0,1331.10
-23,5,3.0,1351.10,WAIT,0,1351.10
-23,6,3.0,1371.10,WAIT,0,1371.10
-23,7,3.0,1391.10,WAIT,0,1391.10
-23,8,3.0,1411.10,WAIT,0,1411.10
-23,9,3.0,1431.10,WAIT,0,1431.10
-23,10,3.0,1451.10,WAIT,0,1451.10
-23,11,3.0,1471.10,WAIT,0,1471.10
-23,12,3.0,1491.10,WAIT,0,1491.10
-23,13,3.0,1511.10,WAIT,0,1511.10
-23,14,3.0,1531.10,WAIT,0,1531.10
-23,15,3.0,1551.10,WAIT,0,1551.10
-23,16,3.0,1571.10,WAIT,0,1571.10
-23,17,3.0,1591.10,WAIT,0,1591.10
-23,18,3.0,1611.10,WAIT,0,1611.10
-23,19,3.0,1631.10,WAIT,0,1631.10
-22,0,3.0,1204.70,WAIT,0,1204.70
-22,1,3.0,1224.70,WAIT,0,1224.70
-22,2,3.0,1244.70,WAIT,0,1244.70
-22,3,3.0,1264.70,WAIT,0,1264.70
-22,4,3.0,1284.70,WAIT,0,1284.70
-22,5,3.0,1304.70,WAIT,0,1304.70
-22,6,3.0,1324.70,WAIT,0,1324.70
-22,7,3.0,1344.70,WAIT,0,1344.70
-22,8,3.0,1364.70,WAIT,0,1364.70
-22,9,3.0,1384.70,WAIT,0,1384.70
-22,10,3.0,1404.70,WAIT,0,1404.70
-22,11,3.0,1424.70,WAIT,0,1424.70
-22,12,3.0,1444.70,WAIT,0,1444.70
-22,13,3.0,1464.70,WAIT,0,1464.70
-22,14,3.0,1484.70,WAIT,0,1484.70
-22,15,3.0,1504.70,WAIT,0,1504.70
-22,16,3.0,1524.70,WAIT,0,1524.70
-22,17,3.0,1544.70,WAIT,0,1544.70
-22,18,3.0,1564.70,WAIT,0,1564.70
-22,19,3.0,1584.70,WAIT,0,1584.70
-21,0,3.0,1159.50,WAIT,0,1159.50
-21,1,3.0,1179.50,WAIT,0,1179.50
-21,2,3.0,1199.50,WAIT,0,1199.50
-21,3,3.0,1219.50,WAIT,0,1219.50
-21,4,3.0,1239.50,WAIT,0,1239.50
-21,5,3.0,1259.50,WAIT,0,1259.50
-21,6,3.0,1279.50,WAIT,0,1279.50
-21,7,3.0,1299.50,WAIT,0,1299.50
-21,8,3.0,1319.50,WAIT,0,1319.50
-21,9,3.0,1339.50,WAIT,0,1339.50
-21,10,3.0,1359.50,WAIT,0,1359.50
-21,11,3.0,1379.50,WAIT,0,1379.50
-21,12,3.0,1399.50,WAIT,0,1399.50
-21,13,3.0,1419.50,WAIT,0,1419.50
-21,14,3.0,1439.50,WAIT,0,1439.50
-21,15,3.0,1459.50,WAIT,0,1459.50
-21,16,3.0,1479.50,WAIT,0,1479.50
-21,17,3.0,1499.50,WAIT,0,1499.50
-21,18,3.0,1519.50,WAIT,0,1519.50
-21,19,3.0,1539.50,WAIT,0,1539.50
-20,0,3.0,1115.50,WAIT,0,1115.50
-20,1,3.0,1135.50,WAIT,0,1135.50
-20,2,3.0,1155.50,WAIT,0,1155.50
-20,3,3.0,1175.50,WAIT,0,1175.50
-20,4,3.0,1195.50,WAIT,0,1195.50
-20,5,3.0,1215.50,WAIT,0,1215.50
-20,6,3.0,1235.50,WAIT,0,1235.50
-20,7,3.0,1255.50,WAIT,0,1255.50
-20,8,3.0,1275.50,WAIT,0,1275.50
-20,9,3.0,1295.50,WAIT,0,1295.50
-20,10,3.0,1315.50,WAIT,0,1315.50
-20,11,3.0,1335.50,WAIT,0,1335.50
-20,12,3.0,1355.50,WAIT,0,1355.50
-20,13,3.0,1375.50,WAIT,0,1375.50
-20,14,3.0,1395.50,WAIT,0,1395.50
-20,15,3.0,1415.50,WAIT,0,1415.50
-20,16,3.0,1435.50,WAIT,0,1435.50
-20,17,3.0,1455.50,WAIT,0,1455.50
-20,18,3.0,1475.50,WAIT,0,1475.50
-20,19,3.0,1495.50,WAIT,0,1495.50
-19,0,3.0,1072.70,WAIT,0,1072.70
-19,1,3.0,1092.70,WAIT,0,1092.70
-19,2,3.0,1112.70,WAIT,0,1112.70
-19,3,3.0,1132.70,WAIT,0,1132.70
-19,4,3.0,1152.70,WAIT,0,1152.70
-19,5,3.0,1172.70,WAIT,0,1172.70
-19,6,3.0,1192.70,WAIT,0,1192.70
-19,7,3.0,1212.70,WAIT,0,1212.70
-19,8,3.0,1232.70,WAIT,0,1232.70
-19,9,3.0,1252.70,WAIT,0,1252.70
-19,10,3.0,1272.70,WAIT,0,1272.70
-19,11,3.0,1292.70,WAIT,0,1292.70
-19,12,3.0,1312.70,WAIT,0,1312.70
-19,13,3.0,1332.70,WAIT,0,1332.70
-19,14,3.0,1352.70,WAIT,0,1352.70
-19,15,3.0,1372.70,WAIT,0,1372.70
-19,16,3.0,1392.70,WAIT,0,1392.70
-19,17,3.0,1412.70,WAIT,0,1412.70
-19,18,3.0,1432.70,WAIT,0,1432.70
-19,19,3.0,1452.70,WAIT,0,1452.70
-18,0,3.0,1031.10,WAIT,0,1031.10
-18,1,3.0,1051.10,WAIT,0,1051.10
-18,2,3.0,1071.10,WAIT,0,1071.10
-18,3,3.0,1091.10,WAIT,0,1091.10
-18,4,3.0,1111.10,WAIT,0,1111.10
-18,5,3.0,1131.10,WAIT,0,1131.10
-18,6,3.0,1151.10,WAIT,0,1151.10
-18,7,3.0,1171.10,WAIT,0,1171.10
-18,8,3.0,1191.10,WAIT,0,1191.10
-18,9,3.0,1211.10,WAIT,0,1211.10
-18,10,3.0,1231.10,WAIT,0,1231.10
-18,11,3.0,1251.10,WAIT,0,1251.10
-18,12,3.0,1271.10,WAIT,0,1271.10
-18,13,3.0,1291.10,WAIT,0,1291.10
-18,14,3.0,1311.10,WAIT,0,1311.10
-18,15,3.0,1331.10,WAIT,0,1331.10
-18,16,3.0,1351.10,WAIT,0,1351.10
-18,17,3.0,1371.10,WAIT,0,1371.10
-18,18,3.0,1391.10,WAIT,0,1391.10
-18,19,3.0,1411.10,WAIT,0,1411.10
-17,0,3.0,990.70,WAIT,0,990.70
-17,1,3.0,1010.70,WAIT,0,1010.70
-17,2,3.0,1030.70,WAIT,0,1030.70
-17,3,3.0,1050.70,WAIT,0,1050.70
-17,4,3.0,1070.70,WAIT,0,1070.70
-17,5,3.0,1090.70,WAIT,0,1090.70
-17,6,3.0,1110.70,WAIT,0,1110.70
-17,7,3.0,1130.70,WAIT,0,1130.70
-17,8,3.0,1150.70,WAIT,0,1150.70
-17,9,3.0,1170.70,WAIT,0,1170.70
-17,10,3.0,1190.70,WAIT,0,1190.70
-17,11,3.0,1210.70,WAIT,0,1210.70
-17,12,3.0,1230.70,WAIT,0,1230.70
-17,13,3.0,1250.70,WAIT,0,1250.70
-17,14,3.0,1270.70,WAIT,0,1270.70
-17,15,3.0,1290.70,WAIT,0,1290.70
-17,16,3.0,1310.70,WAIT,0,1310.70
-17,17,3.0,1330.70,WAIT,0,1330.70
-17,18,3.0,1350.70,WAIT,0,1350.70
-17,19,3.0,1370.70,WAIT,0,1370.70
-16,0,3.0,951.50,WAIT,0,951.50
-16,1,3.0,971.50,WAIT,0,971.50
-16,2,3.0,991.50,WAIT,0,991.50
-16,3,3.0,1011.50,WAIT,0,1011.50
-16,4,3.0,1031.50,WAIT,0,1031.50
-16,5,3.0,1051.50,WAIT,0,1051.50
-16,6,3.0,1071.50,WAIT,0,1071.50
-16,7,3.0,1091.50,WAIT,0,1091.50
-16,8,3.0,1111.50,WAIT,0,1111.50
-16,9,3.0,1131.50,WAIT,0,1131.50
-16,10,3.0,1151.50,WAIT,0,1151.50
-16,11,3.0,1171.50,WAIT,0,1171.50
-16,12,3.0,1191.50,WAIT,0,1191.50
-16,13,3.0,1211.50,WAIT,0,1211.50
-16,14,3.0,1231.50,WAIT,0,1231.50
-16,15,3.0,1251.50,WAIT,0,1251.50
-16,16,3.0,1271.50,WAIT,0,1271.50
-16,17,3.0,1291.50,WAIT,0,1291.50
-16,18,3.0,1311.50,WAIT,0,1311.50
-16,19,3.0,1331.50,WAIT,0,1331.50
-15,0,3.0,913.50,WAIT,0,913.50
-15,1,3.0,933.50,WAIT,0,933.50
-15,2,3.0,953.50,WAIT,0,953.50
-15,3,3.0,973.50,WAIT,0,973.50
-15,4,3.0,993.50,WAIT,0,993.50
-15,5,3.0,1013.50,WAIT,0,1013.50
-15,6,3.0,1033.50,WAIT,0,1033.50
-15,7,3.0,1053.50,WAIT,0,1053.50
-15,8,3.0,1073.50,WAIT,0,1073.50
-15,9,3.0,1093.50,WAIT,0,1093.50
-15,10,3.0,1113.50,WAIT,0,1113.50
-15,11,3.0,1133.50,WAIT,0,1133.50
-15,12,3.0,1153.50,WAIT,0,1153.50
-15,13,3.0,1173.50,WAIT,0,1173.50
-15,14,3.0,1193.50,WAIT,0,1193.50
-15,15,3.0,1213.50,WAIT,0,1213.50
-15,16,3.0,1233.50,WAIT,0,1233.50
-15,17,3.0,1253.50,WAIT,0,1253.50
-15,18,3.0,1273.50,WAIT,0,1273.50
-15,19,3.0,1293.50,WAIT,0,1293.50
-14,0,3.0,876.70,WAIT,0,876.70
-14,1,3.0,896.70,WAIT,0,896.70
-14,2,3.0,916.70,WAIT,0,916.70
-14,3,3.0,936.70,WAIT,0,936.70
-14,4,3.0,956.70,WAIT,0,956.70
-14,5,3.0,976.70,WAIT,0,976.70
-14,6,3.0,996.70,WAIT,0,996.70
-14,7,3.0,1016.70,WAIT,0,1016.70
-14,8,3.0,1036.70,WAIT,0,1036.70
-14,9,3.0,1056.70,WAIT,0,1056.70
-14,10,3.0,1076.70,WAIT,0,1076.70
-14,11,3.0,1096.70,WAIT,0,1096.70
-14,12,3.0,1116.70,WAIT,0,1116.70
-14,13,3.0,1136.70,WAIT,0,1136.70
-14,14,3.0,1156.70,WAIT,0,1156.70
-14,15,3.0,1176.70,WAIT,0,1176.70
-14,16,3.0,1196.70,WAIT,0,1196.70
-14,17,3.0,1216.70,WAIT,0,1216.70
-14,18,3.0,1236.70,WAIT,0,1236.70
-14,19,3.0,1256.70,WAIT,0,1256.70
-13,0,3.0,841.10,WAIT,0,841.10
-13,1,3.0,861.10,WAIT,0,861.10
-13,2,3.0,881.10,WAIT,0,881.10
-13,3,3.0,901.10,WAIT,0,901.10
-13,4,3.0,921.10,WAIT,0,921.10
-13,5,3.0,941.10,WAIT,0,941.10
-13,6,3.0,961.10,WAIT,0,961.10
-13,7,3.0,981.10,WAIT,0,981.10
-13,8,3.0,1001.10,WAIT,0,1001.10
-13,9,3.0,1021.10,WAIT,0,1021.10
-13,10,3.0,1041.10,WAIT,0,1041.10
-13,11,3.0,1061.10,WAIT,0,1061.10
-13,12,3.0,1081.10,WAIT,0,1081.10
-13,13,3.0,1101.10,WAIT,0,1101.10
-13,14,3.0,1121.10,WAIT,0,1121.10
-13,15,3.0,1141.10,WAIT,0,1141.10
-13,16,3.0,1161.10,WAIT,0,1161.10
-13,17,3.0,1181.10,WAIT,0,1181.10
-13,18,3.0,1201.10,WAIT,0,1201.10
-13,19,3.0,1221.10,WAIT,0,1221.10
-12,0,3.0,806.70,WAIT,0,806.70
-12,1,3.0,826.70,WAIT,0,826.70
-12,2,3.0,846.70,WAIT,0,846.70
-12,3,3.0,866.70,WAIT,0,866.70
-12,4,3.0,886.70,WAIT,0,886.70
-12,5,3.0,906.70,WAIT,0,906.70
-12,6,3.0,926.70,WAIT,0,926.70
-12,7,3.0,946.70,WAIT,0,946.70
-12,8,3.0,966.70,WAIT,0,966.70
-12,9,3.0,986.70,WAIT,0,986.70
-12,10,3.0,1006.70,WAIT,0,1006.70
-12,11,3.0,1026.70,WAIT,0,1026.70
-12,12,3.0,1046.70,WAIT,0,1046.70
-12,13,3.0,1066.70,WAIT,0,1066.70
-12,14,3.0,1086.70,WAIT,0,1086.70
-12,15,3.0,1106.70,WAIT,0,1106.70
-12,16,3.0,1126.70,WAIT,0,1126.70
-12,17,3.0,1146.70,WAIT,0,1146.70
-12,18,3.0,1166.70,WAIT,0,1166.70
-12,19,3.0,1186.70,WAIT,0,1186.70
-11,0,3.0,773.50,WAIT,0,773.50
-11,1,3.0,793.50,WAIT,0,793.50
-11,2,3.0,813.50,WAIT,0,813.50
-11,3,3.0,833.50,WAIT,0,833.50
-11,4,3.0,853.50,WAIT,0,853.50
-11,5,3.0,873.50,WAIT,0,873.50
-11,6,3.0,893.50,WAIT,0,893.50
-11,7,3.0,913.50,WAIT,0,913.50
-11,8,3.0,933.50,WAIT,0,933.50
-11,9,3.0,953.50,WAIT,0,953.50
-11,10,3.0,973.50,WAIT,0,973.50
-11,11,3.0,993.50,WAIT,0,993.50
-11,12,3.0,1013.50,WAIT,0,1013.50
-11,13,3.0,1033.50,WAIT,0,1033.50
-11,14,3.0,1053.50,WAIT,0,1053.50
-11,15,3.0,1073.50,WAIT,0,1073.50
-11,16,3.0,1093.50,WAIT,0,1093.50
-11,17,3.0,1113.50,WAIT,0,1113.50
-11,18,3.0,1133.50,WAIT,0,1133.50
-11,19,3.0,1153.50,WAIT,0,1153.50
-10,0,3.0,741.50,WAIT,0,741.50
-10,1,3.0,761.50,WAIT,0,761.50
-10,2,3.0,781.50,WAIT,0,781.50
-10,3,3.0,801.50,WAIT,0,801.50
-10,4,3.0,821.50,WAIT,0,821.50
-10,5,3.0,841.50,WAIT,0,841.50
-10,6,3.0,861.50,WAIT,0,861.50
-10,7,3.0,881.50,WAIT,0,881.50
-10,8,3.0,901.50,WAIT,0,901.50
-10,9,3.0,921.50,WAIT,0,921.50
-10,10,3.0,941.50,WAIT,0,941.50
-10,11,3.0,961.50,WAIT,0,961.50
-10,12,3.0,981.50,WAIT,0,981.50
-10,13,3.0,1001.50,WAIT,0,1001.50
-10,14,3.0,1021.50,WAIT,0,1021.50
-10,15,3.0,1041.50,WAIT,0,1041.50
-10,16,3.0,1061.50,WAIT,0,1061.50
-10,17,3.0,1081.50,WAIT,0,1081.50
-10,18,3.0,1101.50,WAIT,0,1101.50
-10,19,3.0,1121.50,WAIT,0,1121.50
-9,0,3.0,710.70,WAIT,0,710.70
-9,1,3.0,730.70,WAIT,0,730.70
-9,2,3.0,750.70,WAIT,0,750.70
-9,3,3.0,770.70,WAIT,0,770.70
-9,4,3.0,790.70,WAIT,0,790.70
-9,5,3.0,810.70,WAIT,0,810.70
-9,6,3.0,830.70,WAIT,0,830.70
-9,7,3.0,850.70,WAIT,0,850.70
-9,8,3.0,870.70,WAIT,0,870.70
-9,9,3.0,890.70,WAIT,0,890.70
-9,10,3.0,910.70,WAIT,0,910.70
-9,11,3.0,930.70,WAIT,0,930.70
-9,12,3.0,950.70,WAIT,0,950.70
-9,13,3.0,970.70,WAIT,0,970.70
-9,14,3.0,990.70,WAIT,0,990.70
-9,15,3.0,1010.70,WAIT,0,1010.70
-9,16,3.0,1030.70,WAIT,0,1030.70
-9,17,3.0,1050.70,WAIT,0,1050.70
-9,18,3.0,1070.70,WAIT,0,1070.70
-9,19,3.0,1090.70,WAIT,0,1090.70
-8,0,3.0,681.10,WAIT,0,681.10
-8,1,3.0,701.10,WAIT,0,701.10
-8,2,3.0,721.10,WAIT,0,721.10
-8,3,3.0,741.10,WAIT,0,741.10
-8,4,3.0,761.10,WAIT,0,761.10
-8,5,3.0,781.10,WAIT,0,781.10
-8,6,3.0,801.10,WAIT,0,801.10
-8,7,3.0,821.10,WAIT,0,821.10
-8,8,3.0,841.10,WAIT,0,841.10
-8,9,3.0,861.10,WAIT,0,861.10
-8,10,3.0,881.10,WAIT,0,881.10
-8,11,3.0,901.10,WAIT,0,901.10
-8,12,3.0,921.10,WAIT,0,921.10
-8,13,3.0,941.10,WAIT,0,941.10
-8,14,3.0,961.10,WAIT,0,961.10
-8,15,3.0,981.10,WAIT,0,981.10
-8,16,3.0,1001.10,WAIT,0,1001.10
-8,17,3.0,1021.10,WAIT,0,1021.10
-8,18,3.0,1041.10,WAIT,0,1041.10
-8,19,3.0,1061.10,WAIT,0,1061.10
-7,0,3.0,652.70,WAIT,0,652.70
-7,1,3.0,672.70,WAIT,0,672.70
-7,2,3.0,692.70,WAIT,0,692.70
-7,3,3.0,712.70,WAIT,0,712.70
-7,4,3.0,732.70,WAIT,0,732.70
-7,5,3.0,752.70,WAIT,0,752.70
-7,6,3.0,772.70,WAIT,0,772.70
-7,7,3.0,792.70,WAIT,0,792.70
-7,8,3.0,812.70,WAIT,0,812.70
-7,9,3.0,832.70,WAIT,0,832.70
-7,10,3.0,852.70,WAIT,0,852.70
-7,11,3.0,872.70,WAIT,0,872.70
-7,12,3.0,892.70,WAIT,0,892.70
-7,13,3.0,912.70,WAIT,0,912.70
-7,14,3.0,932.70,WAIT,0,932.70
-7,15,3.0,952.70,WAIT,0,952.70
-7,16,3.0,972.70,WAIT,0,972.70
-7,17,3.0,992.70,WAIT,0,992.70
-7,18,3.0,1012.70,WAIT,0,1012.70
-7,19,3.0,1032.70,WAIT,0,1032.70
-6,0,3.0,625.50,WAIT,0,625.50
-6,1,3.0,645.50,WAIT,0,645.50
-6,2,3.0,665.50,WAIT,0,665.50
-6,3,3.0,685.50,WAIT,0,685.50
-6,4,3.0,705.50,WAIT,0,705.50
-6,5,3.0,725.50,WAIT,0,725.50
-6,6,3.0,745.50,WAIT,0,745.50
-6,7,3.0,765.50,WAIT,0,765.50
-6,8,3.0,785.50,WAIT,0,785.50
-6,9,3.0,805.50,WAIT,0,805.50
-6,10,3.0,825.50,WAIT,0,825.50
-6,11,3.0,845.50,WAIT,0,845.50
-6,12,3.0,865.50,WAIT,0,865.50
-6,13,3.0,885.50,WAIT,0,885.50
-6,14,3.0,905.50,WAIT,0,905.50
-6,15,3.0,925.50,WAIT,0,925.50
-6,16,3.0,945.50,WAIT,0,945.50
-6,17,3.0,965.50,WAIT,0,965.50
-6,18,3.0,985.50,WAIT,0,985.50
-6,19,3.0,1005.50,WAIT,0,1005.50
-5,0,3.0,599.50,WAIT,0,599.50
-5,1,3.0,619.50,WAIT,0,619.50
-5,2,3.0,639.50,WAIT,0,639.50
-5,3,3.0,659.50,WAIT,0,659.50
-5,4,3.0,679.50,WAIT,0,679.50
-5,5,3.0,699.50,WAIT,0,699.50
-5,6,3.0,719.50,WAIT,0,719.50
-5,7,3.0,739.50,WAIT,0,739.50
-5,8,3.0,759.50,WAIT,0,759.50
-5,9,3.0,779.50,WAIT,0,779.50
-5,10,3.0,799.50,WAIT,0,799.50
-5,11,3.0,819.50,WAIT,0,819.50
-5,12,3.0,839.50,WAIT,0,839.50
-5,13,3.0,859.50,WAIT,0,859.50
-5,14,3.0,879.50,WAIT,0,879.50
-5,15,3.0,899.50,WAIT,0,899.50
-5,16,3.0,919.50,WAIT,0,919.50
-5,17,3.0,939.50,WAIT,0,939.50
-5,18,3.0,959.50,WAIT,0,959.50
-5,19,3.0,979.50,WAIT,0,979.50
-4,0,3.0,574.70,WAIT,0,574.70
-4,1,3.0,594.70,WAIT,0,594.70
-4,2,3.0,614.70,WAIT,0,614.70
-4,3,3.0,634.70,WAIT,0,634.70
-4,4,3.0,654.70,WAIT,0,654.70
-4,5,3.0,674.70,WAIT,0,674.70
-4,6,3.0,694.70,WAIT,0,694.70
-4,7,3.0,714.70,WAIT,0,714.70
-4,8,3.0,734.70,WAIT,0,734.70
-4,9,3.0,754.70,WAIT,0,754.70
-4,10,3.0,774.70,WAIT,0,774.70
-4,11,3.0,794.70,WAIT,0,794.70
-4,12,3.0,814.70,WAIT,0,814.70
-4,13,3.0,834.70,WAIT,0,834.70
-4,14,3.0,854.70,WAIT,0,854.70
-4,15,3.0,874.70,WAIT,0,874.70
-4,16,3.0,894.70,WAIT,0,894.70
-4,17,3.0,914.70,WAIT,0,914.70
-4,18,3.0,934.70,WAIT,0,934.70
-4,19,3.0,954.70,WAIT,0,954.70
-3,0,3.0,551.10,WAIT,0,551.10
-3,1,3.0,571.10,WAIT,0,571.10
-3,2,3.0,591.10,WAIT,0,591.10
-3,3,3.0,611.10,WAIT,0,611.10
-3,4,3.0,631.10,WAIT,0,631.10
-3,5,3.0,651.10,WAIT,0,651.10
-3,6,3.0,671.10,WAIT,0,671.10
-3,7,3.0,691.10,WAIT,0,691.10
-3,8,3.0,711.10,WAIT,0,711.10
-3,9,3.0,731.10,WAIT,0,731.10
-3,10,3.0,751.10,WAIT,0,751.10
-3,11,3.0,771.10,WAIT,0,771.10
-3,12,3.0,791.10,WAIT,0,791.10
-3,13,3.0,811.10,WAIT,0,811.10
-3,14,3.0,831.10,WAIT,0,831.10
-3,15,3.0,851.10,WAIT,0,851.10
-3,16,3.0,871.10,WAIT,0,871.10
-3,17,3.0,891.10,WAIT,0,891.10
-3,18,3.0,911.10,WAIT,0,911.10
-3,19,3.0,931.10,WAIT,0,931.10
-2,0,3.0,528.70,WAIT,0,528.70
-2,1,3.0,548.70,WAIT,0,548.70
-2,2,3.0,568.70,WAIT,0,568.70
-2,3,3.0,588.70,WAIT,0,588.70
-2,4,3.0,608.70,WAIT,0,608.70
-2,5,3.0,628.70,WAIT,0,628.70
-2,6,3.0,648.70,WAIT,0,648.70
-2,7,3.0,668.70,WAIT,0,668.70
-2,8,3.0,688.70,WAIT,0,688.70
-2,9,3.0,708.70,WAIT,0,708.70
-2,10,3.0,728.70,WAIT,0,728.70
-2,11,3.0,748.70,WAIT,0,748.70
-2,12,3.0,768.70,WAIT,0,768.70
-2,13,3.0,788.70,WAIT,0,788.70
-2,14,3.0,808.70,WAIT,0,808.70
-2,15,3.0,828.70,WAIT,0,828.70
-2,16,3.0,848.70,WAIT,0,848.70
-2,17,3.0,868.70,WAIT,0,868.70
-2,18,3.0,888.70,WAIT,0,888.70
-2,19,3.0,908.70,WAIT,0,908.70
-1,0,3.0,507.50,WAIT,0,507.50
-1,1,3.0,527.50,WAIT,0,527.50
-1,2,3.0,547.50,WAIT,0,547.50
-1,3,3.0,567.50,WAIT,0,567.50
-1,4,3.0,587.50,WAIT,0,587.50
-1,5,3.0,607.50,WAIT,0,607.50
-1,6,3.0,627.50,WAIT,0,627.50
-1,7,3.0,647.50,WAIT,0,647.50
-1,8,3.0,667.50,WAIT,0,667.50
-1,9,3.0,687.50,WAIT,0,687.50
-1,10,3.0,707.50,WAIT,0,707.50
-1,11,3.0,727.50,WAIT,0,727.50
-1,12,3.0,747.50,WAIT,0,747.50
-1,13,3.0,767.50,WAIT,0,767.50
-1,14,3.0,787.50,WAIT,0,787.50
-1,15,3.0,807.50,WAIT,0,807.50
-1,16,3.0,827.50,WAIT,0,827.50
-1,17,3.0,847.50,WAIT,0,847.50
-1,18,3.0,867.50,WAIT,0,867.50
-1,19,3.0,887.50,WAIT,0,887.50
0,0,3.0,487.50,WAIT,0,487.50
0,1,3.0,507.50,WAIT,0,507.50
0,2,3.0,527.50,WAIT,0,527.50
0,3,3.0,547.50,WAIT,0,547.50
0,4,3.0,567.50,WAIT,0,567.50
0,5,3.0,587.50,WAIT,0,587.50
0,6,3.0,607.50,WAIT,0,607.50
0,7,3.0,627.50,WAIT,0,627.50
0,8,3.0,647.50,WAIT,0,647.50
0,9,3.0,667.50,WAIT,0,667.50
0,10,3.0,687.50,WAIT,0,687.50
0,11,3.0,707.50,WAIT,0,707.50
0,12,3.0,727.50,WAIT,0,727.50
0,13,3.0,747.50,WAIT,0,747.50
0,14,3.0,767.50,WAIT,0,767.50
0,15,3.0,787.50,WAIT,0,787.50
0,16,3.0,807.50,WAIT,0,807.50
0,17,3.0,827.50,WAIT,0,827.50
0,18,3.0,847.50,WAIT,0,847.50
0,19,3.0,867.50,WAIT,0,867.50
1,0,3.0,468.70,WAIT,0,468.70
1,1,3.0,488.70,WAIT,0,488.70
1,2,3.0,508.70,WAIT,0,508.70
1,3,3.0,528.70,WAIT,0,528.70
1,4,3.0,548.70,WAIT,0,548.70
1,5,3.0,568.70,WAIT,0,568.70
1,6,3.0,588.70,WAIT,0,588.70
1,7,3.0,608.70,WAIT,0,608.70
1,8,3.0,628.70,WAIT,0,628.70
1,9,3.0,648.70,WAIT,0,648.70
1,10,3.0,668.70,WAIT,0,668.70
1,11,3.0,688.70,WAIT,0,688.70
1,12,3.0,708.70,WAIT,0,708.70
1,13,3.0,728.70,WAIT,0,728.70
1,14,3.0,748.70,WAIT,0,748.70
1,15,3.0,768.70,WAIT,0,768.70
1,16,3.0,788.70,WAIT,0,788.70
1,17,3.0,808.70,WAIT,0,808.70
1,18,3.0,828.70,WAIT,0,828.70
1,19,3.0,848.70,WAIT,0,848.70
2,0,3.0,451.10,WAIT,0,451.10
2,1,3.0,471.10,WAIT,0,471.10
2,2,3.0,491.10,WAIT,0,491.10
2,3,3.0,511.10,WAIT,0,511.10
2,4,3.0,531.10,WAIT,0,531.10
2,5,3.0,551.10,WAIT,0,551.10
2,6,3.0,571.10,WAIT,0,571.10
2,7,3.0,591.10,WAIT,0,591.10
2,8,3.0,611.10,WAIT,0,611.10
2,9,3.0,631.10,WAIT,0,631.10
2,10,3.0,651.10,WAIT,0,651.10
2,11,3.0,671.10,WAIT,0,671.10
2,12,3.0,691.10,WAIT,0,691.10
2,13,3.0,711.10,WAIT,0,711.10
2,14,3.0,731.10,WAIT,0,731.10
2,15,3.0,751.10,WAIT,0,751.10
2,16,3.0,771.10,WAIT,0,771.10
2,17,3.0,791.10,WAIT,0,791.10
2,18,3.0,811.10,WAIT,0,811.10
2,19,3.0,831.10,WAIT,0,831.10
3,0,3.0,434.70,WAIT,0,434.70
3,1,3.0,454.70,WAIT,0,454.70
3,2,3.0,474.70,WAIT,0,474.70
3,3,3.0,494.70,WAIT,0,494.70
3,4,3.0,514.70,WAIT,0,514.70
3,5,3.0,534.70,WAIT,0,534.70
3,6,3.0,554.70,WAIT,0,554.70
3,7,3.0,574.70,WAIT,0,574.70
3,8,3.0,594.70,WAIT,0,594.70
3,9,3.0,614.70,WAIT,0,614.70
3,10,3.0,634.70,WAIT,0,634.70
3,11,3.0,654.70,WAIT,0,654.70
3,12,3.0,674.70,WAIT,0,674.70
3,13,3.0,694.70,WAIT,0,694.70
3,14,3.0,714.70,WAIT,0,714.70
3,15,3.0,734.70,WAIT,0,734.70
3,16,3.0,754.70,WAIT,0,754.70
3,17,3.0,774.70,WAIT,0,774.70
3,18,3.0,794.70,WAIT,0,794.70
3,19,3.0,814.70,WAIT,0,814.70
4,0,3.0,419.50,WAIT,0,419.50
4,1,3.0,439.50,WAIT,0,439.50
4,2,3.0,459.50,WAIT,0,459.50
4,3,3.0,479.50,WAIT,0,479.50
4,4,3.0,499.50,WAIT,0,499.50
4,5,3.0,519.50,WAIT,0,519.50
4,6,3.0,539.50,WAIT,0,539.50
4,7,3.0,559.50,WAIT,0,559.50
4,8,3.0,579.50,WAIT,0,579.50
4,9,3.0,599.50,WAIT,0,599.50
4,10,3.0,619.50,WAIT,0,619.50
4,11,3.0,639.50,WAIT,0,639.50
4,12,3.0,659.50,WAIT,0,659.50
4,13,3.0,679.50,WAIT,0,679.50
4,14,3.0,699.50,WAIT,0,699.50
4,15,3.0,719.50,WAIT,0,719.50
4,16,3.0,739.50,WAIT,0,739.50
4,17,3.0,759.50,WAIT,0,759.50
4,18,3.0,779.50,WAIT,0,779.50
4,19,3.0,799.50,WAIT,0,799.50
5,0,3.0,405.50,WAIT,0,405.50
5,1,3.0,425.50,WAIT,0,425.50
5,2,3.0,445.50,WAIT,0,445.50
5,3,3.0,465.50,WAIT,0,465.50
5,4,3.0,485.50,WAIT,0,485.50
5,5,3.0,505.50,WAIT,0,505.50
5,6,3.0,525.50,WAIT,0,525.50
5,7,3.0,545.50,WAIT,0,545.50
5,8,3.0,565.50,WAIT,0,565.50
5,9,3.0,585.50,WAIT,0,585.50
5,10,3.0,605.50,WAIT,0,605.50
5,11,3.0,625.50,WAIT,0,625.50
5,12,3.0,645.50,WAIT,0,645.50
5,13,3.0,665.50,WAIT,0,665.50
5,14,3.0,685.50,WAIT,0,685.50
5,15,3.0,705.50,WAIT,0,705.50
5,16,3.0,725.50,WAIT,0,725.50
5,17,3.0,745.50,WAIT,0,745.50
5,18,3.0,765.50,WAIT,0,765.50
5,19,3.0,785.50,WAIT,0,785.50
6,0,3.0,392.70,WAIT,0,392.70
6,1,3.0,412.70,WAIT,0,412.70
6,2,3.0,432.70,WAIT,0,432.70
6,3,3.0,452.70,WAIT,0,452.70
6,4,3.0,472.70,WAIT,0,472.70
6,5,3.0,492.70,WAIT,0,492.70
6,6,3.0,512.70,WAIT,0,512.70
6,7,3.0,532.70,WAIT,0,532.70
6,8,3.0,552.70,WAIT,0,552.70
6,9,3.0,572.70,WAIT,0,572.70
6,10,3.0,592.70,WAIT,0,592.70
6,11,3.0,612.70,WAIT,0,612.70
6,12,3.0,632.70,WAIT,0,632.70
6,13,3.0,652.70,WAIT,0,652.70
6,14,3.0,672.70,WAIT,0,672.70
6,15,3.0,692.70,WAIT,0,692.70
6,16,3.0,712.70,WAIT,0,712.70
6,17,3.0,732.70,WAIT,0,732.70
6,18,3.0,752.70,WAIT,0,752.70
6,19,3.0,772.70,WAIT,0,772.70
7,0,3.0,381.10,WAIT,0,381.10
7,1,3.0,401.10,WAIT,0,401.10
7,2,3.0,421.10,WAIT,0,421.10
7,3,3.0,441.10,WAIT,0,441.10
7,4,3.0,461.10,DISPATCH,4,458.70
7,5,3.0,481.10,DISPATCH,5,476.10
7,6,3.0,501.10,DISPATCH,6,494.70
7,7,3.0,521.10,DISPATCH,7,514.50
7,8,3.0,541.10,DISPATCH,7,534.50
7,9,3.0,561.10,DISPATCH,7,554.50
7,10,3.0,581.10,DISPATCH,7,574.50
7,11,3.0,601.10,DISPATCH,7,594.50
7,12,3.0,621.10,DISPATCH,7,614.50
7,13,3.0,641.10,DISPATCH,7,634.50
7,14,3.0,661.10,DISPATCH,7,654.50
7,15,3.0,681.10,DISPATCH,7,674.50
7,16,3.0,701.10,DISPATCH,7,694.50
7,17,3.0,721.10,DISPATCH,7,714.50
7,18,3.0,741.10,DISPATCH,7,734.50
7,19,3.0,761.10,DISPATCH,7,754.50
8,0,3.0,370.70,WAIT,0,370.70
8,1,3.0,390.70,WAIT,0,390.70
8,2,3.0,410.70,WAIT,0,410.70
8,3,3.0,430.70,DISPATCH,3,428.50
8,4,3.0,450.70,DISPATCH,4,443.50
8,5,3.0,470.70,DISPATCH,5,459.70
8,6,3.0,490.70,DISPATCH,6,477.10
8,7,3.0,510.70,DISPATCH,7,495.70
8,8,3.0,530.70,DISPATCH,8,515.50
8,9,3.0,550.70,DISPATCH,8,535.50
8,10,3.0,570.70,DISPATCH,8,555.50
8,11,3.0,590.70,DISPATCH,8,575.50
8,12,3.0,610.70,DISPATCH,8,595.50
8,13,3.0,630.70,DISPATCH,8,615.50
8,14,3.0,650.70,DISPATCH,8,635.50
8,15,3.0,670.70,DISPATCH,8,655.50
8,16,3.0,690.70,DISPATCH,8,675.50
8,17,3.0,710.70,DISPATCH,8,695.50
8,18,3.0,730.70,DISPATCH,8,715.50
8,19,3.0,750.70,DISPATCH,8,735.50
9,0,3.0,361.50,WAIT,0,361.50
9,1,3.0,381.50,WAIT,0,381.50
9,2,3.0,401.50,WAIT,0,401.50
9,3,3.0,421.50,DISPATCH,3,415.70
9,4,3.0,441.50,DISPATCH,4,429.50
9,5,3.0,461.50,DISPATCH,5,444.50
9,6,3.0,481.50,DISPATCH,6,460.70
9,7,3.0,501.50,DISPATCH,7,478.10
9,8,3.0,521.50,DISPATCH,8,496.70
9,9,3.0,541.50,DISPATCH,9,516.50
9,10,3.0,561.50,DISPATCH,9,536.50
9,11,3.0,581.50,DISPATCH,9,556.50
9,12,3.0,601.50,DISPATCH,9,576.50
9,13,3.0,621.50,DISPATCH,9,596.50
9,14,3.0,641.50,DISPATCH,9,616.50
9,15,3.0,661.50,DISPATCH,9,636.50
9,16,3.0,681.50,DISPATCH,9,656.50
9,17,3.0,701.50,DISPATCH,9,676.50
9,18,3.0,721.50,DISPATCH,9,696.50
9,19,3.0,741.50,DISPATCH,9,716.50
10,0,3.0,353.50,WAIT,0,353.50
10,1,3.0,373.50,WAIT,0,373.50
10,2,3.0,393.50,DISPATCH,2,392.70
10,3,3.0,413.50,DISPATCH,3,404.10
10,4,3.0,433.50,DISPATCH,4,416.70
10,5,3.0,453.50,DISPATCH,5,430.50
10,6,3.0,473.50,DISPATCH,6,445.50
10,7,3.0,493.50,DISPATCH,7,461.70
10,8,3.0,513.50,DISPATCH,8,479.10
10,9,3.0,533.50,DISPATCH,9,497.70
10,10,3.0,553.50,DISPATCH,10,517.50
10,11,3.0,573.50,DISPATCH,10,537.50
10,12,3.0,593.50,DISPATCH,10,557.50
10,13,3.0,613.50,DISPATCH,10,577.50
10,14,3.0,633.50,DISPATCH,10,597.50
10,15,3.0,653.50,DISPATCH,10,617.50
10,16,3.0,673.50,DISPATCH,10,637.50
10,17,3.0,693.50,DISPATCH,10,657.50
10,18,3.0,713.50,DISPATCH,10,677.50
10,19,3.0,733.50,DISPATCH,10,697.50
11,0,3.0,346.70,WAIT,0,346.70
11,1,3.0,366.70,WAIT,0,366.70
11,2,3.0,386.70,DISPATCH,2,383.50
11,3,3.0,406.70,DISPATCH,3,393.70
11,4,3.0,426.70,DISPATCH,4,405.10
11,5,3.0,446.70,DISPATCH,5,417.70
11,6,3.0,466.70,DISPATCH,6,431.50
11,7,3.0,486.70,DISPATCH,7,446.50
11,8,3.0,506.70,DISPATCH,8,462.70
11,9,3.0,526.70,DISPATCH,9,480.10
11,10,3.0,546.70,DISPATCH,10,498.70
11,11,3.0,566.70,DISPATCH,11,518.50
11,12,3.0,586.70,DISPATCH,11,538.50
11,13,3.0,606.70,DISPATCH,11,558.50
11,14,3.0,626.70,DISPATCH,11,578.50
11,15,3.0,646.70,DISPATCH,11,598.50
11,16,3.0,666.70,DISPATCH,11,618.50
11,17,3.0,686.70,DISPATCH,11,638.50
11,18,3.0,706.70,DISPATCH,11,658.50
11,19,3.0,726.70,DISPATCH,11,678.50
12,0,3.0,341.10,WAIT,0,341.10
12,1,3.0,361.10,WAIT,0,361.10
12,2,3.0,381.10,DISPATCH,2,375.50
12,3,3.0,401.10,DISPATCH,3,384.50
12,4,3.0,421.10,DISPATCH,4,394.70
12,5,3.0,441.10,DISPATCH,5,406.10
12,6,3.0,461.10,DISPATCH,6,418.70
12,7,3.0,481.10,DISPATCH,7,432.50
12,8,3.0,501.10,DISPATCH,8,447.50
12,9,3.0,521.10,DISPATCH,9,463.70
12,10,3.0,541.10,DISPATCH,10,481.10
12,11,3.0,561.10,DISPATCH,11,499.70
12,12,3.0,581.10,DISPATCH,12,519.50
12,13,3.0,601.10,DISPATCH,12,539.50
12,14,3.0,621.10,DISPATCH,12,559.50
12,15,3.0,641.10,DISPATCH,12,579.50
12,16,3.0,661.10,DISPATCH,12,599.50
12,17,3.0,681.10,DISPATCH,12,619.50
12,18,3.0,701.10,DISPATCH,12,639.50
12,19,3.0,721.10,DISPATCH,12,659.50
13,0,3.0,336.70,WAIT,0,336.70
13,1,3.0,356.70,WAIT,0,356.70
13,2,3.0,376.70,DISPATCH,2,368.70
13,3,3.0,396.70,DISPATCH,3,376.50
13,4,3.0,416.70,DISPATCH,4,385.50
13,5,3.0,436.70,DISPATCH,5,395.70
13,6,3.0,456.70,DISPATCH,6,407.10
13,7,3.0,476.70,DISPATCH,7,419.70
13,8,3.0,496.70,DISPATCH,8,433.50
13,9,3.0,516.70,DISPATCH,9,448.50
13,10,3.0,536.70,DISPATCH,10,464.70
13,11,3.0,556.70,DISPATCH,11,482.10
13,12,3.0,576.70,DISPATCH,12,500.70
13,13,3.0,596.70,DISPATCH,13,520.50
13,14,3.0,616.70,DISPATCH,13,540.50
13,15,3.0,636.70,DISPATCH,13,560.50
13,16,3.0,656.70,DISPATCH,13,580.50
13,17,3.0,676.70,DISPATCH,13,600.50
13,18,3.0,696.70,DISPATCH,13,620.50
13,19,3.0,716.70,DISPATCH,13,640.50
14,0,3.0,333.50,WAIT,0,333.50
14,1,3.0,353.50,WAIT,0,353.50
14,2,3.0,373.50,DISPATCH,2,363.10
14,3,3.0,393.50,DISPATCH,3,369.70
14,4,3.0,413.50,DISPATCH,4,377.50
14,5,3.0,433.50,DISPATCH,5,386.50
14,6,3.0,453.50,DISPATCH,6,396.70
14,7,3.0,473.50,DISPATCH,7,408.10
14,8,3.0,493.50,DISPATCH,8,420.70
14,9,3.0,513.50,DISPATCH,9,434.50
14,10,3.0,533.50,DISPATCH,10,449.50
14,11,3.0,553.50,DISPATCH,11,465.70
14,12,3.0,573.50,DISPATCH,12,483.10
14,13,3.0,593.50,DISPATCH,13,501.70
14,14,3.0,613.50,DISPATCH,14,521.50
14,15,3.0,633.50,DISPATCH,14,541.50
14,16,3.0,653.50,DISPATCH,14,561.50
14,17,3.0,673.50,DISPATCH,14,581.50
14,18,3.0,693.50,DISPATCH,14,601.50
14,19,3.0,713.50,DISPATCH,14,621.50
15,0,3.0,331.50,WAIT,0,331.50
15,1,3.0,351.50,WAIT,0,351.50
15,2,3.0,371.50,DISPATCH,2,358.70
15,3,3.0,391.50,DISPATCH,3,364.10
15,4,3.0,411.50,DISPATCH,4,370.70
15,5,3.0,431.50,DISPATCH,5,378.50
15,6,3.0,451.50,DISPATCH,6,387.50
15,7,3.0,471.50,DISPATCH,7,397.70
15,8,3.0,491.50,DISPATCH,8,409.10
15,9,3.0,511.50,DISPATCH,9,421.70
15,10,3.0,531.50,DISPATCH,10,435.50
15,11,3.0,551.50,DISPATCH,11,450.50
15,12,3.0,571.50,DISPATCH,12,466.70
15,13,3.0,591.50,DISPATCH,13,484.10
15,14,3.0,611.50,DISPATCH,14,502.70
15,15,3.0,631.50,DISPATCH,15,522.50
15,16,3.0,651.50,DISPATCH,15,542.50
15,17,3.0,671.50,DISPATCH,15,562.50
15,18,3.0,691.50,DISPATCH,15,582.50
15,19,3.0,711.50,DISPATCH,15,602.50
16,0,3.0,330.70,WAIT,0,330.70
16,1,3.0,350.70,WAIT,0,350.70
16,2,3.0,370.70,DISPATCH,2,355.50
16,3,3.0,390.70,DISPATCH,3,359.70
16,4,3.0,410.70,DISPATCH,4,365.10
16,5,3.0,430.70,DISPATCH,5,371.70
16,6,3.0,450.70,DISPATCH,6,379.50
16,7,3.0,470.70,DISPATCH,7,388.50
16,8,3.0,490.70,DISPATCH,8,398.70
16,9,3.0,510.70,DISPATCH,9,410.10
16,10,3.0,530.70,DISPATCH,10,422.70
16,11,3.0,550.70,DISPATCH,11,436.50
16,12,3.0,570.70,DISPATCH,12,451.50
16,13,3.0,590.70,DISPATCH,13,467.70
16,14,3.0,610.70,DISPATCH,14,485.10
16,15,3.0,630.70,DISPATCH,15,503.70
16,16,3.0,650.70,DISPATCH,16,523.50
16,17,3.0,670.70,DISPATCH,16,543.50
16,18,3.0,690.70,DISPATCH,16,563.50
16,19,3.0,710.70,DISPATCH,16,583.50
17,0,3.0,331.10,WAIT,0,331.10
17,1,3.0,351.10,WAIT,0,351.10
17,2,3.0,371.10,DISPATCH,2,353.50
17,3,3.0,391.10,DISPATCH,3,356.50
17,4,3.0,411.10,DISPATCH,4,360.70
17,5,3.0,431.10,DISPATCH,5,366.10
17,6,3.0,451.10,DISPATCH,6,372.70
17,7,3.0,471.10,DISPATCH,7,380.50
17,8,3.0,491.10,DISPATCH,8,389.50
17,9,3.0,511.10,DISPATCH,9,399.70
17,10,3.0,531.10,DISPATCH,10,411.10
17,11,3.0,551.10,DISPATCH,11,423.70
17,12,3.0,571.10,DISPATCH,12,437.50
17,13,3.0,591.10,DISPATCH,13,452.50
17,14,3.0,611.10,DISPATCH,14,468.70
17,15,3.0,631.10,DISPATCH,15,486.10
17,16,3.0,651.10,DISPATCH,16,504.70
17,17,3.0,671.10,DISPATCH,17,524.50
17,18,3.0,691.10,DISPATCH,17,544.50
17,19,3.0,711.10,DISPATCH,17,564.50
18,0,3.0,332.70,WAIT,0,332.70
18,1,3.0,352.70,DISPATCH,1,352.10
18,2,3.0,372.70,DISPATCH,2,352.70
18,3,3.0,392.70,DISPATCH,3,354.50
18,4,3.0,412.70,DISPATCH,4,357.50
18,5,3.0,432.70,DISPATCH,5,361.70
18,6,3.0,452.70,DISPATCH,6,367.10
18,7,3.0,472.70,DISPATCH,7,373.70
18,8,3.0,492.70,DISPATCH,8,381.50
18,9,3.0,512.70,DISPATCH,9,390.50
18,10,3.0,532.70,DISPATCH,10,400.70
18,11,3.0,552.70,DISPATCH,11,412.10
18,12,3.0,572.70,DISPATCH,12,424.70
18,13,3.0,592.70,DISPATCH,13,438.50
18,14,3.0,612.70,DISPATCH,14,453.50
18,15,3.0,632.70,DISPATCH,15,469.70
18,16,3.0,652.70,DISPATCH,16,487.10
18,17,3.0,672.70,DISPATCH,17,505.70
18,18,3.0,692.70,DISPATCH,18,525.50
18,19,3.0,712.70,DISPATCH,18,545.50
19,0,3.0,335.50,WAIT,0,335.50
19,1,3.0,355.50,DISPATCH,1,353.70
19,2,3.0,375.50,DISPATCH,2,353.10
19,3,3.0,395.50,DISPATCH,3,353.70
19,4,3.0,415.50,DISPATCH,4,355.50
19,5,3.0,435.50,DISPATCH,5,358.50
19,6,3.0,455.50,DISPATCH,6,362.70
19,7,3.0,475.50,DISPATCH,7,368.10
19,8,3.0,495.50,DISPATCH,8,374.70
19,9,3.0,515.50,DISPATCH,9,382.50
19,10,3.0,535.50,DISPATCH,10,391.50
19,11,3.0,555.50,DISPATCH,11,401.70
19,12,3.0,575.50,DISPATCH,12,413.10
19,13,3.0,595.50,DISPATCH,13,425.70
19,14,3.0,615.50,DISPATCH,14,439.50
19,15,3.0,635.50,DISPATCH,15,454.50
19,16,3.0,655.50,DISPATCH,16,470.70
19,17,3.0,675.50,DISPATCH,17,488.10
19,18,3.0,695.50,DISPATCH,18,506.70
19,19,3.0,715.50,DISPATCH,19,526.50
20,0,3.0,339.50,WAIT,0,339.50
20,1,3.0,359.50,DISPATCH,1,356.50
20,2,3.0,379.50,DISPATCH,2,354.70
20,3,3.0,399.50,DISPATCH,3,354.10
20,4,3.0,419.50,DISPATCH,4,354.70
20,5,3.0,439.50,DISPATCH,5,356.50
20,6,3.0,459.50,DISPATCH,6,359.50
20,7,3.0,479.50,DISPATCH,7,363.70
20,8,3.0,499.50,DISPATCH,8,369.10
20,9,3.0,519.50,DISPATCH,9,375.70
20,10,3.0,539.50,DISPATCH,10,383.50
20,11,3.0,559.50,DISPATCH,11,392.50
20,12,3.0,579.50,DISPATCH,12,402.70
20,13,3.0,599.50,DISPATCH,13,414.10
20,14,3.0,619.50,DISPATCH,14,426.70
20,15,3.0,639.50,DISPATCH,15,440.50
20,16,3.0,659.50,DISPATCH,16,455.50
20,17,3.0,679.50,DISPATCH,17,471.70
20,18,3.0,699.50,DISPATCH,18,489.10
20,19,3.0,719.50,DISPATCH,19,507.70
21,0,3.0,344.70,WAIT,0,344.70
21,1,3.0,364.70,DISPATCH,1,360.50
21,2,3.0,384.70,DISPATCH,2,357.50
21,3,3.0,404.70,DISPATCH,3,355.70
21,4,3.0,424.70,DISPATCH,4,355.10
21,5,3.0,444.70,DISPATCH,5,355.70
21,6,3.0,464.70,DISPATCH,6,357.50
21,7,3.0,484.70,DISPATCH,7,360.50
21,8,3.0,504.70,DISPATCH,8,364.70
21,9,3.0,524.70,DISPATCH,9,370.10
21,10,3.0,544.70,DISPATCH,10,376.70
21,11,3.0,564.70,DISPATCH,11,384.50
21,12,3.0,584.70,DISPATCH,12,393.50
21,13,3.0,604.70,DISPATCH,13,403.70
21,14,3.0,624.70,DISPATCH,14,415.10
21,15,3.0,644.70,DISPATCH,15,427.70
21,16,3.0,664.70,DISPATCH,16,441.50
21,17,3.0,684.70,DISPATCH,17,456.50
21,18,3.0,704.70,DISPATCH,18,472.70
21,19,3.0,724.70,DISPATCH,19,490.10
22,0,3.0,351.10,WAIT,0,351.10
22,1,3.0,371.10,DISPATCH,1,365.70
22,2,3.0,391.10,DISPATCH,2,361.50
22,3,3.0,411.10,DISPATCH,3,358.50
22,4,3.0,431.10,DISPATCH,4,356.70
22,5,3.0,451.10,DISPATCH,5,356.10
22,6,3.0,471.10,DISPATCH,6,356.70
22,7,3.0,491.10,DISPATCH,7,358.50
22,8,3.0,511.10,DISPATCH,8,361.50
22,9,3.0,531.10,DISPATCH,9,365.70
22,10,3.0,551.10,DISPATCH,10,371.10
22,11,3.0,571.10,DISPATCH,11,377.70
22,12,3.0,591.10,DISPATCH,12,385.50
22,13,3.0,611.10,DISPATCH,13,394.50
22,14,3.0,631.10,DISPATCH,14,404.70
22,15,3.0,651.10,DISPATCH,15,416.10
22,16,3.0,671.10,DISPATCH,16,428.70
22,17,3.0,691.10,DISPATCH,17,442.50
22,18,3.0,711.10,DISPATCH,18,457.50
22,19,3.0,731.10,DISPATCH,19,473.70
23,0,3.0,358.70,WAIT,0,358.70
23,1,3.0,378.70,DISPATCH,1,372.10
23,2,3.0,398.70,DISPATCH,2,366.70
23,3,3.0,418.70,DISPATCH,3,362.50
23,4,3.0,438.70,DISPATCH,4,359.50
23,5,3.0,458.70,DISPATCH,5,357.70
23,6,3.0,478.70,DISPATCH,6,357.10
23,7,3.0,498.70,DISPATCH,7,357.70
23,8,3.0,518.70,DISPATCH,8,359.50
23,9,3.0,538.70,DISPATCH,9,362.50
23,10,3.0,558.70,DISPATCH,10,366.70
23,11,3.0,578.70,DISPATCH,11,372.10
23,12,3.0,598.70,DISPATCH,12,378.70
23,13,3.0,618.70,DISPATCH,13,386.50
23,14,3.0,638.70,DISPATCH,14,395.50
23,15,3.0,658.70,DISPATCH,15,405.70
23,16,3.0,678.70,DISPATCH,16,417.10
23,17,3.0,698.70,DISPATCH,17,429.70
23,18,3.0,718.70,DISPATCH,18,443.50
23,19,3.0,738.70,DISPATCH,19,458.50
24,0,3.0,367.50,WAIT,0,367.50
24,1,3.0,387.50,DISPATCH,1,379.70
24,2,3.0,407.50,DISPATCH,2,373.10
24,3,3.0,427.50,DISPATCH,3,367.70
24,4,3.0,447.50,DISPATCH,4,363.50
24,5,3.0,467.50,DISPATCH,5,360.50
24,6,3.0,487.50,DISPATCH,6,358.70
24,7,3.0,507.50,DISPATCH,7,358.10
24,8,3.0,527.50,DISPATCH,8,358.70
24,9,3.0,547.50,DISPATCH,9,360.50
24,10,3.0,567.50,DISPATCH,10,363.50
24,11,3.0,587.50,DISPATCH,11,367.70
24,12,3.0,607.50,DISPATCH,12,373.10
24,13,3.0,627.50,DISPATCH,13,379.70
24,14,3.0,647.50,DISPATCH,14,387.50
24,15,3.0,667.50,DISPATCH,15,396.50
24,16,3.0,687.50,DISPATCH,16,406.70
24,17,3.0,707.50,DISPATCH,17,418.10
24,18,3.0,727.50,DISPATCH,18,430.70
24,19,3.0,747.50,DISPATCH,19,444.50
25,0,3.0,377.50,WAIT,0,377.50
25,1,3.0,397.50,DISPATCH,1,388.50
25,2,3.0,417.50,DISPATCH,2,380.70
25,3,3.0,437.50,DISPATCH,3,374.10
25,4,3.0,457.50,DISPATCH,4,368.70
25,5,3.0,477.50,DISPATCH,5,364.50
25,6,3.0,497.50,DISPATCH,6,361.50
25,7,3.0,517.50,DISPATCH,7,359.70
25,8,3.0,537.50,DISPATCH,8,359.10
25,9,3.0,557.50,DISPATCH,9,359.70
25,10,3.0,577.50,DISPATCH,10,361.50
25,11,3.0,597.50,DISPATCH,11,364.50
25,12,3.0,617.50,DISPATCH,12,368.70
25,13,3.0,637.50,DISPATCH,13,374.10
25,14,3.0,657.50,DISPATCH,14,380.70
25,15,3.0,677.50,DISPATCH,15,388.50
25,16,3.0,697.50,DISPATCH,16,397.50
25,17,3.0,717.50,DISPATCH,17,407.70
25,18,3.0,737.50,DISPATCH,18,419.10
25,19,3.0,757.50,DISPATCH,19,431.70
26,0,3.0,388.70,WAIT,0,388.70
26,1,3.0,408.70,DISPATCH,1,398.50
26,2,3.0,428.70,DISPATCH,2,389.50
26,3,3.0,448.70,DISPATCH,3,381.70
26,4,3.0,468.70,DISPATCH,4,375.10
26,5,3.0,488.70,DISPATCH,5,369.70
26,6,3.0,508.70,DISPATCH,6,365.50
26,7,3.0,528.70,DISPATCH,7,362.50
26,8,3.0,548.70,DISPATCH,8,360.70
26,9,3.0,568.70,DISPATCH,9,360.10
26,10,3.0,588.70,DISPATCH,10,360.70
26,11,3.0,608.70,DISPATCH,11,362.50
26,12,3.0,628.70,DISPATCH,12,365.50
26,13,3.0,648.70,DISPATCH,13,369.70
26,14,3.0,668.70,DISPATCH,14,375.10
26,15,3.0,688.70,DISPATCH,15,381.70
26,16,3.0,708.70,DISPATCH,16,389.50
26,17,3.0,728.70,DISPATCH,17,398.50
26,18,3.0,748.70,DISPATCH,18,408.70
26,19,3.0,768.70,DISPATCH,19,420.10
27,0,3.0,401.10,WAIT,0,401.10
27,1,3.0,421.10,DISPATCH,1,409.70
27,2,3.0,441.10,DISPATCH,2,399.50
27,3,3.0,461.10,DISPATCH,3,390.50
27,4,3.0,481.10,DISPATCH,4,382.70
27,5,3.0,501.10,DISPATCH,5,376.10
27,6,3.0,521.10,DISPATCH,6,370.70
27,7,3.0,541.10,DISPATCH,7,366.50
27,8,3.0,561.10,DISPATCH,8,363.50
27,9,3.0,581.10,DISPATCH,9,361.70
27,10,3.0,601.10,DISPATCH,10,361.10
27,11,3.0,621.10,DISPATCH,11,361.70
27,12,3.0,641.10,DISPATCH,12,363.50
27,13,3.0,661.10,DISPATCH,13,366.50
27,14,3.0,681.10,DISPATCH,14,370.70
27,15,3.0,701.10,DISPATCH,15,376.10
27,16,3.0,721.10,DISPATCH,16,382.70
27,17,3.0,741.10,DISPATCH,17,390.50
27,18,3.0,761.10,DISPATCH,18,399.50
27,19,3.0,781.10,DISPATCH,19,409.70
28,0,3.0,414.70,WAIT,0,414.70
28,1,3.0,434.70,DISPATCH,1,422.10
28,2,3.0,454.70,DISPATCH,2,410.70
28,3,3.0,474.70,DISPATCH,3,400.50
28,4,3.0,494.70,DISPATCH,4,391.50
28,5,3.0,514.70,DISPATCH,5,383.70
28,6,3.0,534.70,DISPATCH,6,377.10
28,7,3.0,554.70,DISPATCH,7,371.70
28,8,3.0,574.70,DISPATCH,8,367.50
28,9,3.0,594.70,DISPATCH,9,364.50
28,10,3.0,614.70,DISPATCH,10,362.70
28,11,3.0,634.70,DISPATCH,11,362.10
28,12,3.0,654.70,DISPATCH,12,362.70
28,13,3.0,674.70,DISPATCH,13,364.50
28,14,3.0,694.70,DISPATCH,14,367.50
28,15,3.0,714.70,DISPATCH,15,371.70
28,16,3.0,734.70,DISPATCH,16,377.10
28,17,3.0,754.70,DISPATCH,17,383.70
28,18,3.0,774.70,DISPATCH,18,391.50
28,19,3.0,794.70,DISPATCH,19,400.50
29,0,3.0,429.50,WAIT,0,429.50
29,1,3.0,449.50,DISPATCH,1,435.70
29,2,3.0,469.50,DISPATCH,2,423.10
29,3,3.0,489.50,DISPATCH,3,411.70
29,4,3.0,509.50,DISPATCH,4,401.50
29,5,3.0,529.50,DISPATCH,5,392.50
29,6,3.0,549.50,DISPATCH,6,384.70
29,7,3.0,569.50,DISPATCH,7,378.10
29,8,3.0,589.50,DISPATCH,8,372.70
29,9,3.0,609.50,DISPATCH,9,368.50
29,10,3.0,629.50,DISPATCH,10,365.50
29,11,3.0,649.50,DISPATCH,11,363.70
29,12,3.0,669.50,DISPATCH,12,363.10
29,13,3.0,689.50,DISPATCH,13,363.70
29,14,3.0,709.50,DISPATCH,14,365.50
29,15,3.0,729.50,DISPATCH,15,368.50
29,16,3.0,749.50,DISPATCH,16,372.70
29,17,3.0,769.50,DISPATCH,17,378.10
29,18,3.0,789.50,DISPATCH,18,384.70
29,19,3.0,809.50,DISPATCH,19,392.50
30,0,3.0,445.50,WAIT,0,445.50
30,1,3.0,465.50,DISPATCH,1,450.50
30,2,3.0,485.50,DISPATCH,2,436.70
30,3,3.0,505.50,DISPATCH,3,424.10
30,4,3.0,525.50,DISPATCH,4,412.70
30,5,3.0,545.50,DISPATCH,5,402.50
30,6,3.0,565.50,DISPATCH,6,393.50
30,7,3.0,585.50,DISPATCH,7,385.70
30,8,3.0,605.50,DISPATCH,8,379.10
30,9,3.0,625.50,DISPATCH,9,373.70
30,10,3.0,645.50,DISPATCH,10,369.50
30,11,3.0,665.50,DISPATCH,11,366.50
30,12,3.0,685.50,DISPATCH,12,364.70
30,13,3.0,705.50,DISPATCH,13,364.10
30,14,3.0,725.50,DISPATCH,14,364.70
30,15,3.0,745.50,DISPATCH,15,366.50
30,16,3.0,765.50,DISPATCH,16,369.50
30,17,3.0,785.50,DISPATCH,17,373.70
30,18,3.0,805.50,DISPATCH,18,379.10
30,19,3.0,825.50,DISPATCH,19,385.70
31,0,3.0,462.70,WAIT,0,462.70
31,1,3.0,482.70,DISPATCH,1,466.50
31,2,3.0,502.70,DISPATCH,2,451.50
31,3,3.0,522.70,DISPATCH,3,437.70
31,4,3.0,542.70,DISPATCH,4,425.10
31,5,3.0,562.70,DISPATCH,5,413.70
31,6,3.0,582.70,DISPATCH,6,403.50
31,7,3.0,602.70,DISPATCH,7,394.50
31,8,3.0,622.70,DISPATCH,8,386.70
31,9,3.0,642.70,DISPATCH,9,380.10
31,10,3.0,662.70,DISPATCH,10,374.70
31,11,3.0,682.70,DISPATCH,11,370.50
31,12,3.0,702.70,DISPATCH,12,367.50
31,13,3.0,722.70,DISPATCH,13,365.70
31,14,3.0,742.70,DISPATCH,14,365.10
31,15,3.0,762.70,DISPATCH,15,365.70
31,16,3.0,782.70,DISPATCH,16,367.50
31,17,3.0,802.70,DISPATCH,17,370.50
31,18,3.0,822.70,DISPATCH,18,374.70
31,19,3.0,842.70,DISPATCH,19,380.10
32,0,3.0,481.10,WAIT,0,481.10
32,1,3.0,501.10,DISPATCH,1,483.70
32,2,3.0,521.10,DISPATCH,2,467.50
32,3,3.0,541.10,DISPATCH,3,452.50
32,4,3.0,561.10,DISPATCH,4,438.70
32,5,3.0,581.10,DISPATCH,5,426.10
32,6,3.0,601.10,DISPATCH,6,414.70
32,7,3.0,621.10,DISPATCH,7,404.50
32,8,3.0,641.10,DISPATCH,8,395.50
32,9,3.0,661.10,DISPATCH,9,387.70
32,10,3.0,681.10,DISPATCH,10,381.10
32,11,3.0,701.10,DISPATCH,11,375.70
32,12,3.0,721.10,DISPATCH,12,371.50
32,13,3.0,741.10,DISPATCH,13,368.50
32,14,3.0,761.10,DISPATCH,14,366.70
32,15,3.0,781.10,DISPATCH,15,366.10
32,16,3.0,801.10,DISPATCH,16,366.70
32,17,3.0,821.10,DISPATCH,17,368.50
32,18,3.0,841.10,DISPATCH,18,371.50
32,19,3.0,861.10,DISPATCH,19,375.70
33,0,3.0,500.70,WAIT,0,500.70
33,1,3.0,520.70,DISPATCH,1,502.10
33,2,3.0,540.70,DISPATCH,2,484.70
33,3,3.0,560.70,DISPATCH,3,468.50
33,4,3.0,580.70,DISPATCH,4,453.50
33,5,3.0,600.70,DISPATCH,5,439.70
33,6,3.0,620.70,DISPATCH,6,427.10
33,7,3.0,640.70,DISPATCH,7,415.70
33,8,3.0,660.70,DISPATCH,8,405.50
33,9,3.0,680.70,DISPATCH,9,396.50
33,10,3.0,700.70,DISPATCH,10,388.70
33,11,3.0,720.70,DISPATCH,11,382.10
33,12,3.0,740.70,DISPATCH,12,376.70
33,13,3.0,760.70,DISPATCH,13,372.50
33,14,3.0,780.70,DISPATCH,14,369.50
33,15,3.0,800.70,DISPATCH,15,367.70
33,16,3.0,820.70,DISPATCH,16,367.10
33,17,3.0,840.70,DISPATCH,17,367.70
33,18,3.0,860.70,DISPATCH,18,369.50
33,19,3.0,880.70,DISPATCH,19,372.50
34,0,3.0,521.50,WAIT,0,521.50
34,1,3.0,541.50,DISPATCH,1,521.70
34,2,3.0,561.50,DISPATCH,2,503.10
34,3,3.0,581.50,DISPATCH,3,485.70
34,4,3.0,601.50,DISPATCH,4,469.50
34,5,3.0,621.50,DISPATCH,5,454.50
34,6,3.0,641.50,DISPATCH,6,440.70
34,7,3.0,661.50,DISPATCH,7,428.10
34,8,3.0,681.50,DISPATCH,8,416.70
34,9,3.0,701.50,DISPATCH,9,406.50
34,10,3.0,721.50,DISPATCH,10,397.50
34,11,3.0,741.50,DISPATCH,11,389.70
34,12,3.0,761.50,DISPATCH,12,383.10
34,13,3.0,781.50,DISPATCH,13,377.70
34,14,3.0,801.50,DISPATCH,14,373.50
34,15,3.0,821.50,DISPATCH,15,370.50
34,16,3.0,841.50,DISPATCH,16,368.70
34,17,3.0,861.50,DISPATCH,17,368.10
34,18,3.0,881.50,DISPATCH,18,368.70
34,19,3.0,901.50,DISPATCH,19,370.50
35,0,3.0,543.50,WAIT,0,543.50
35,1,3.0,563.50,DISPATCH,1,542.50
35,2,3.0,583.50,DISPATCH,2,522.70
35,3,3.0,603.50,DISPATCH,3,504.10
35,4,3.0,623.50,DISPATCH,4,486.70
35,5,3.0,643.50,DISPATCH,5,470.50
35,6,3.0,663.50,DISPATCH,6,455.50
35,7,3.0,683.50,DISPATCH,7,441.70
35,8,3.0,703.50,DISPATCH,8,429.10
35,9,3.0,723.50,DISPATCH,9,417.70
35,10,3.0,743.50,DISPATCH,10,407.50
35,11,3.0,763.50,DISPATCH,11,398.50
35,12,3.0,783.50,DISPATCH,12,390.70
35,13,3.0,803.50,DISPATCH,13,384.10
35,14,3.0,823.50,DISPATCH,14,378.70
35,15,3.0,843.50,DISPATCH,15,374.50
35,16,3.0,863.50,DISPATCH,16,371.50
35,17,3.0,883.50,DISPATCH,17,369.70
35,18,3.0,903.50,DISPATCH,18,369.10
35,19,3.0,923.50,DISPATCH,19,369.70
36,0,3.0,566.70,WAIT,0,566.70
36,1,3.0,586.70,DISPATCH,1,564.50
36,2,3.0,606.70,DISPATCH,2,543.50
36,3,3.0,626.70,DISPATCH,3,523.70
36,4,3.0,646.70,DISPATCH,4,505.10
36,5,3.0,666.70,DISPATCH,5,487.70
36,6,3.0,686.70,DISPATCH,6,471.50
36,7,3.0,706.70,DISPATCH,7,456.50
36,8,3.0,726.70,DISPATCH,8,442.70
36,9,3.0,746.70,DISPATCH,9,430.10
36,10,3.0,766.70,DISPATCH,10,418.70
36,11,3.0,786.70,DISPATCH,11,408.50
36,12,3.0,806.70,DISPATCH,12,399.50
36,13,3.0,826.70,DISPATCH,13,391.70
36,14,3.0,846.70,DISPATCH,14,385.10
36,15,3.0,866.70,DISPATCH,15,379.70
36,16,3.0,886.70,DISPATCH,16,375.50
36,17,3.0,906.70,DISPATCH,17,372.50
36,18,3.0,926.70,DISPATCH,18,370.70
36,19,3.0,946.70,DISPATCH,19,370.10
37,0,3.0,591.10,WAIT,0,591.10
37,1,3.0,611.10,DISPATCH,1,587.70
37,2,3.0,631.10,DISPATCH,2,565.50
37,3,3.0,651.10,DISPATCH,3,544.50
37,4,3.0,671.10,DISPATCH,4,524.70
37,5,3.0,691.10,DISPATCH,5,506.10
37,6,3.0,711.10,DISPATCH,6,488.70
37,7,3.0,731.10,DISPATCH,7,472.50
37,8,3.0,751.10,DISPATCH,8,457.50
37,9,3.0,771.10,DISPATCH,9,443.70
37,10,3.0,791.10,DISPATCH,10,431.10
37,11,3.0,811.10,DISPATCH,11,419.70
37,12,3.0,831.10,DISPATCH,12,409.50
37,13,3.0,851.10,DISPATCH,13,400.50
37,14,3.0,871.10,DISPATCH,14,392.70
37,15,3.0,891.10,DISPATCH,15,386.10
37,16,3.0,911.10,DISPATCH,16,380.70
37,17,3.0,931.10,DISPATCH,17,376.50
37,18,3.0,951.10,DISPATCH,18,373.50
37,19,3.0,971.10,DISPATCH,19,371.70
38,0,3.0,616.70,WAIT,0,616.70
38,1,3.0,636.70,DISPATCH,1,612.10
38,2,3.0,656.70,DISPATCH,2,588.70
38,3,3.0,676.70,DISPATCH,3,566.50
38,4,3.0,696.70,DISPATCH,4,545.50
38,5,3.0,716.70,DISPATCH,5,525.70
38,6,3.0,736.70,DISPATCH,6,507.10
38,7,3.0,756.70,DISPATCH,7,489.70
38,8,3.0,776.70,DISPATCH,8,473.50
38,9,3.0,796.70,DISPATCH,9,458.50
38,10,3.0,816.70,DISPATCH,10,444.70
38,11,3.0,836.70,DISPATCH,11,432.10
38,12,3.0,856.70,DISPATCH,12,420.70
38,13,3.0,876.70,DISPATCH,13,410.50
38,14,3.0,896.70,DISPATCH,14,401.50
38,15,3.0,916.70,DISPATCH,15,393.70
38,16,3.0,936.70,DISPATCH,16,387.10
38,17,3.0,956.70,DISPATCH,17,381.70
38,18,3.0,976.70,DISPATCH,18,377.50
38,19,3.0,996.70,DISPATCH,19,374.50
39,0,3.0,643.50,WAIT,0,643.50
39,1,3.0,663.50,DISPATCH,1,637.70
39,2,3.0,683.50,DISPATCH,2,613.10
39,3,3.0,703.50,DISPATCH,3,589.70
39,4,3.0,723.50,DISPATCH,4,567.50
39,5,3.0,743.50,DISPATCH,5,546.50
39,6,3.0,763.50,DISPATCH,6,526.70
39,7,3.0,783.50,DISPATCH,7,508.10
39,8,3.0,803.50,DISPATCH,8,490.70
39,9,3.0,823.50,DISPATCH,9,474.50
39,10,3.0,843.50,DISPATCH,10,459.50
39,11,3.0,863.50,DISPATCH,11,445.70
39,12,3.0,883.50,DISPATCH,12,433.10
39,13,3.0,903.50,DISPATCH,13,421.70
39,14,3.0,923.50,DISPATCH,14,411.50
39,15,3.0,943.50,DISPATCH,15,402.50
39,16,3.0,963.50,DISPATCH,16,394.70
39,17,3.0,983.50,DISPATCH,17,388.10
39,18,3.0,1003.50,DISPATCH,18,382.70
39,19,3.0,1023.50,DISPATCH,19,378.50
40,0,3.0,671.50,WAIT,0,671.50
40,1,3.0,691.50,DISPATCH,1,664.50
40,2,3.0,711.50,DISPATCH,2,638.70
40,3,3.0,731.50,DISPATCH,3,614.10
40,4,3.0,751.50,DISPATCH,4,590.70
40,5,3.0,771.50,DISPATCH,5,568.50
40,6,3.0,791.50,DISPATCH,6,547.50
40,7,3.0,811.50,DISPATCH,7,527.70
40,8,3.0,831.50,DISPATCH,8,509.10
40,9,3.0,851.50,DISPATCH,9,491.70
40,10,3.0,871.50,DISPATCH,10,475.50
40,11,3.0,891.50,DISPATCH,11,460.50
40,12,3.0,911.50,DISPATCH,12,446.70
40,13,3.0,931.50,DISPATCH,13,434.10
40,14,3.0,951.50,DISPATCH,14,422.70
40,15,3.0,971.50,DISPATCH,15,412.50
40,16,3.0,991.50,DISPATCH,16,403.50
40,17,3.0,1011.50,DISPATCH,17,395.70
40,18,3.0,1031.50,DISPATCH,18,389.10
40,19,3.0,1051.50,DISPATCH,19,383.70
41,0,3.0,700.70,WAIT,0,700.70
41,1,3.0,720.70,DISPATCH,1,692.50
41,2,3.0,740.70,DISPATCH,2,665.50
41,3,3.0,760.70,DISPATCH,3,639.70
41,4,3.0,780.70,DISPATCH,4,615.10
41,5,3.0,800.70,DISPATCH,5,591.70
41,6,3.0,820.70,DISPATCH,6,569.50
41,7,3.0,840.70,DISPATCH,7,548.50
41,8,3.0,860.70,DISPATCH,8,528.70
41,9,3.0,880.70,DISPATCH,9,510.10
41,10,3.0,900.70,DISPATCH,10,492.70
41,11,3.0,920.70,DISPATCH,11,476.50
41,12,3.0,940.70,DISPATCH,12,461.50
41,13,3.0,960.70,DISPATCH,13,447.70
41,14,3.0,980.70,DISPATCH,14,435.10
41,15,3.0,1000.70,DISPATCH,15,423.70
41,16,3.0,1020.70,DISPATCH,16,413.50
41,17,3.0,1040.70,DISPATCH,17,404.50
41,18,3.0,1060.70,DISPATCH,18,396.70
41,19,3.0,1080.70,DISPATCH,19,390.10
42,0,3.0,731.10,WAIT,0,731.10
42,1,3.0,751.10,DISPATCH,1,721.70
42,2,3.0,771.10,DISPATCH,2,693.50
42,3,3.0,791.10,DISPATCH,3,666.50
42,4,3.0,811.10,DISPATCH,4,640.70
42,5,3.0,831.10,DISPATCH,5,616.10
42,6,3.0,851.10,DISPATCH,6,592.70
42,7,3.0,871.10,DISPATCH,7,570.50
42,8,3.0,891.10,DISPATCH,8,549.50
42,9,3.0,911.10,DISPATCH,9,529.70
42,10,3.0,931.10,DISPATCH,10,511.10
42,11,3.0,951.10,DISPATCH,11,493.70
42,12,3.0,971.10,DISPATCH,12,477.50
42,13,3.0,991.10,DISPATCH,13,462.50
42,14,3.0,1011.10,DISPATCH,14,448.70
42,15,3.0,1031.10,DISPATCH,15,436.10
42,16,3.0,1051.10,DISPATCH,16,424.70
42,17,3.0,1071.10,DISPATCH,17,414.50
42,18,3.0,1091.10,DISPATCH,18,405.50
42,19,3.0,1111.10,DISPATCH,19,397.70
43,0,3.0,762.70,WAIT,0,762.70
43,1,3.0,782.70,DISPATCH,1,752.10
43,2,3.0,802.70,DISPATCH,2,722.70
43,3,3.0,822.70,DISPATCH,3,694.50
43,4,3.0,842.70,DISPATCH,4,667.50
43,5,3.0,862.70,DISPATCH,5,641.70
43,6,3.0,882.70,DISPATCH,6,617.10
43,7,3.0,902.70,DISPATCH,7,593.70
43,8,3.0,922.70,DISPATCH,8,571.50
43,9,3.0,942.70,DISPATCH,9,550.50
43,10,3.0,962.70,DISPATCH,10,530.70
43,11,3.0,982.70,DISPATCH,11,512.10
43,12,3.0,1002.70,DISPATCH,12,494.70
43,13,3.0,1022.70,DISPATCH,13,478.50
43,14,3.0,1042.70,DISPATCH,14,463.50
43,15,3.0,1062.70,DISPATCH,15,449.70
43,16,3.0,1082.70,DISPATCH,16,437.10
43,17,3.0,1102.70,DISPATCH,17,425.70
43,18,3.0,1122.70,DISPATCH,18,415.50
43,19,3.0,1142.70,DISPATCH,19,406.50
44,0,3.0,795.50,WAIT,0,795.50
44,1,3.0,815.50,DISPATCH,1,783.70
44,2,3.0,835.50,DISPATCH,2,753.10
44,3,3.0,855.50,DISPATCH,3,723.70
44,4,3.0,875.50,DISPATCH,4,695.50
44,5,3.0,895.50,DISPATCH,5,668.50
44,6,3.0,915.50,DISPATCH,6,642.70
44,7,3.0,935.50,DISPATCH,7,618.10
44,8,3.0,955.50,DISPATCH,8,594.70
44,9,3.0,975.50,DISPATCH,9,572.50
44,10,3.0,995.50,DISPATCH,10,551.50
44,11,3.0,1015.50,DISPATCH,11,531.70
44,12,3.0,1035.50,DISPATCH,12,513.10
44,13,3.0,1055.50,DISPATCH,13,495.70
44,14,3.0,1075.50,DISPATCH,14,479.50
44,15,3.0,1095.50,DISPATCH,15,464.50
44,16,3.0,1115.50,DISPATCH,16,450.70
44,17,3.0,1135.50,DISPATCH,17,438.10
44,18,3.0,1155.50,DISPATCH,18,426.70
44,19,3.0,1175.50,DISPATCH,19,416.50
45,0,3.0,829.50,WAIT,0,829.50
45,1,3.0,849.50,DISPATCH,1,816.50
45,2,3.0,869.50,DISPATCH,2,784.70
45,3,3.0,889.50,DISPATCH,3,754.10
45,4,3.0,909.50,DISPATCH,4,724.70
45,5,3.0,929.50,DISPATCH,5,696.50
45,6,3.0,949.50,DISPATCH,6,669.50
45,7,3.0,969.50,DISPATCH,7,643.70
45,8,3.0,989.50,DISPATCH,8,619.10
45,9,3.0,1009.50,DISPATCH,9,595.70
45,10,3.0,1029.50,DISPATCH,10,573.50
45,11,3.0,1049.50,DISPATCH,11,552.50
45,12,3.0,1069.50,DISPATCH,12,532.70
45,13,3.0,1089.50,DISPATCH,13,514.10
45,14,3.0,1109.50,DISPATCH,14,496.70
45,15,3.0,1129.50,DISPATCH,15,480.50
45,16,3.0,1149.50,DISPATCH,16,465.50
45,17,3.0,1169.50,DISPATCH,17,451.70
45,18,3.0,1189.50,DISPATCH,18,439.10
45,19,3.0,1209.50,DISPATCH,19,427.70
46,0,3.0,864.70,WAIT,0,864.70
46,1,3.0,884.70,DISPATCH,1,850.50
46,2,3.0,904.70,DISPATCH,2,817.50
46,3,3.0,924.70,DISPATCH,3,785.70
46,4,3.0,944.70,DISPATCH,4,755.10
46,5,3.0,964.70,DISPATCH,5,725.70
46,6,3.0,984.70,DISPATCH,6,697.50
46,7,3.0,1004.70,DISPATCH,7,670.50
46,8,3.0,1024.70,DISPATCH,8,644.70
46,9,3.0,1044.70,DISPATCH,9,620.10
46,10,3.0,1064.70,DISPATCH,10,596.70
46,11,3.0,1084.70,DISPATCH,11,574.50
46,12,3.0,1104.70,DISPATCH,12,553.50
46,13,3.0,1124.70,DISPATCH,13,533.70
46,14,3.0,1144.70,DISPATCH,14,515.10
46,15,3.0,1164.70,DISPATCH,15,497.70
46,16,3.0,1184.70,DISPATCH,16,481.50
46,17,3.0,1204.70,DISPATCH,17,466.50
46,18,3.0,1224.70,DISPATCH,18,452.70
46,19,3.0,1244.70,DISPATCH,19,440.10
47,0,3.0,901.10,WAIT,0,901.10
47,1,3.0,921.10,DISPATCH,1,885.70
47,2,3.0,941.10,DISPATCH,2,851.50
47,3,3.0,961.10,DISPATCH,3,818.50
47,4,3.0,981.10,DISPATCH,4,786.70
47,5,3.0,1001.10,DISPATCH,5,756.10
47,6,3.0,1021.10,DISPATCH,6,726.70
47,7,3.0,1041.10,DISPATCH,7,698.50
47,8,3.0,1061.10,DISPATCH,8,671.50
47,9,3.0,1081.10,DISPATCH,9,645.70
47,10,3.0,1101.10,DISPATCH,10,621.10
47,11,3.0,1121.10,DISPATCH,11,597.70
47,12,3.0,1141.10,DISPATCH,12,575.50
47,13,3.0,1161.10,DISPATCH,13,554.50
47,14,3.0,1181.10,DISPATCH,14,534.70
47,15,3.0,1201.10,DISPATCH,15,516.10
47,16,3.0,1221.10,DISPATCH,16,498.70
47,17,3.0,1241.10,DISPATCH,17,482.50
47,18,3.0,1261.10,DISPATCH,18,467.50
47,19,3.0,1281.10,DISPATCH,19,453.70
48,0,3.0,938.70,WAIT,0,938.70
48,1,3.0,958.70,DISPATCH,1,922.10
48,2,3.0,978.70,DISPATCH,2,886.70
48,3,3.0,998.70,DISPATCH,3,852.50
48,4,3.0,1018.70,DISPATCH,4,819.50
48,5,3.0,1038.70,DISPATCH,5,787.70
48,6,3.0,1058.70,DISPATCH,6,757.10
48,7,3.0,1078.70,DISPATCH,7,727.70
48,8,3.0,1098.70,DISPATCH,8,699.50
48,9,3.0,1118.70,DISPATCH,9,672.50
48,10,3.0,1138.70,DISPATCH,10,646.70
48,11,3.0,1158.70,DISPATCH,11,622.10
48,12,3.0,1178.70,DISPATCH,12,598.70
48,13,3.0,1198.70,DISPATCH,13,576.50
48,14,3.0,1218.70,DISPATCH,14,555.50
48,15,3.0,1238.70,DISPATCH,15,535.70
48,16,3.0,1258.70,DISPATCH,16,517.10
48,17,3.0,1278.70,DISPATCH,17,499.70
48,18,3.0,1298.70,DISPATCH,18,483.50
48,19,3.0,1318.70,DISPATCH,19,468.50
49,0,3.0,977.50,WAIT,0,977.50
49,1,3.0,997.50,DISPATCH,1,959.70
49,2,3.0,1017.50,DISPATCH,2,923.10
49,3,3.0,1037.50,DISPATCH,3,887.70
49,4,3.0,1057.50,DISPATCH,4,853.50
49,5,3.0,1077.50,DISPATCH,5,820.50
49,6,3.0,1097.50,DISPATCH,6,788.70
49,7,3.0,1117.50,DISPATCH,7,758.10
49,8,3.0,1137.50,DISPATCH,8,728.70
49,9,3.0,1157.50,DISPATCH,9,700.50
49,10,3.0,1177.50,DISPATCH,10,673.50
49,11,3.0,1197.50,DISPATCH,11,647.70
49,12,3.0,1217.50,DISPATCH,12,623.10
49,13,3.0,1237.50,DISPATCH,13,599.70
49,14,3.0,1257.50,DISPATCH,14,577.50
49,15,3.0,1277.50,DISPATCH,15,556.50
49,16,3.0,1297.50,DISPATCH,16,536.70
49,17,3.0,1317.50,DISPATCH,17,518.10
49,18,3.0,1337.50,DISPATCH,18,500.70
49,19,3.0,1357.50,DISPATCH,19,484.50
